ID,Elemento,Porcentaje,Tiempo_s,ObjFinal,DeteccionOK,PromDispersion,StdDispersion,MeanAbsDispersion,N_FalsosPositivos
1,1,5,99.4833863,0.925559513367176,FALSE,6.41129274587152,7.28873741828688,6.41129274587152,4
2,1,10,160.3577774,0.909825207786665,FALSE,6.36834175337586,7.6689483080281,6.36834175337586,4
3,1,15,225.8179453,0.887863250663321,FALSE,6.62727102363817,8.28555535681559,6.62727102363817,4
4,1,20,286.4862036,0.846760884935584,FALSE,7.59900717514242,9.58607897780257,7.59900717514242,4
5,1,25,338.2627014,0.796902546157729,FALSE,10.970465849446,13.5573499539459,10.970465849446,2
6,1,30,403.271007,0.748182122190351,FALSE,11.3237227511917,12.7440083721645,11.3237227511917,2
7,1,35,436.7379045,0.773609152849139,FALSE,14.6513078815929,16.0596669889568,14.6513078815929,2
8,1,40,485.7063984,0.927187811208819,FALSE,10.8205083987213,11.0177351556327,10.8205083987213,4
9,1,45,529.2960844,0.983792975321475,FALSE,18.4634066510701,14.407294843625,18.4634066510701,3
10,2,5,582.5824361,0.126643131325546,TRUE,2.12827164466994,7.24509206104902,4.63980131258688,0
11,2,10,618.5999367,0.127586253080282,TRUE,2.15895100572157,7.26927030434849,4.65170569465238,0
12,2,15,682.5198298,0.129048240501254,TRUE,2.22141334200582,7.30046919866596,4.65922475095678,0
13,2,20,751.8320174,0.130500060127662,TRUE,2.27600303174583,7.33689935389438,4.67474347875995,0
14,2,25,815.8362556,0.132711251169486,TRUE,2.38856621570885,7.38507459765716,4.68532353941368,0
15,2,30,867.3153559,0.135256020315962,TRUE,2.46260783107354,7.44812367622612,4.71298492355676,0
16,2,35,922.6006721,0.135825454023328,TRUE,2.48675649600375,7.46058921199377,4.71614510588422,0
17,2,40,972.7080018,0.136057564374341,TRUE,2.49907848904984,7.4671967370579,4.71895188130527,0
18,2,45,1034.3896975,0.136374654135894,TRUE,2.51654604219166,7.47342434047514,4.71896791557498,0
19,3,5,1077.7282772,0.681700402166292,TRUE,8.22320368409438,12.0415261527579,8.22320368409438,2
20,3,10,1108.2941428,0.68376440560656,TRUE,8.28861213632237,12.1369098887934,8.28861213632237,2
21,3,15,1157.6222971,0.686224473665177,TRUE,8.36018224631344,12.2406227428156,8.36018224631344,2
22,3,20,1203.3135492,0.689079721751594,TRUE,8.44515193392993,12.3722687320909,8.44515193392993,2
23,3,25,1244.625031,0.693155712316703,TRUE,8.56217244287595,12.5500857527059,8.56217244287595,2
24,3,30,1294.3067656,0.69782943529939,TRUE,8.6980593245902,12.7509832445235,8.6980593245902,2
25,3,35,1345.0788432,0.69825606908188,TRUE,8.72057618480871,12.7831498451341,8.72057618480871,2
26,3,40,1394.7770809,0.698202454567865,TRUE,8.72632768758603,12.7927000639057,8.72632768758603,2
27,3,45,1431.1545601,0.697763554954908,TRUE,8.72439283386178,12.7955154683759,8.72439283386178,2
28,4,5,1484.8941817,0.126608514757526,TRUE,2.12012095131026,7.24555472455595,4.64222763103193,1
29,4,10,1548.3284229,0.127747592583296,TRUE,2.18321248363456,7.26811787181188,4.6446010724542,1
30,4,15,1612.0819803,0.12895831100464,TRUE,2.25491015521605,7.29391257182934,4.64914261080645,1
31,4,20,1659.8489926,0.130461251176873,TRUE,2.26483126872706,7.33805433908438,4.67839109884006,1
32,4,25,1714.2082001,0.132669005697238,TRUE,2.35570274260709,7.38951745197697,4.69584467789647,1
33,4,30,1763.7356149,0.135174270816842,TRUE,2.44901430685816,7.44865063762734,4.71710586837456,1
34,4,35,1826.4758797,0.13573726474718,TRUE,2.48173687999706,7.46012604170712,4.71791317451501,1
35,4,40,1864.0223948,0.136057777319626,TRUE,2.48936929656886,7.4681566112426,4.72161078202225,1
36,4,45,1910.5264087,0.136377238696219,TRUE,2.51296313864465,7.47422561121596,4.72019823812954,1
37,5,5,1958.7468077,0.681716314815975,TRUE,8.22763431229248,12.0433722058933,8.22763431229248,1
38,5,10,2007.5830467,0.683842677021702,TRUE,8.28867093471517,12.1359778856812,8.28867093471517,1
39,5,15,2046.1501589,0.686158418520183,TRUE,8.35692293232511,12.2403518069943,8.35692293232511,1
40,5,20,2095.9462892,0.689132246314572,TRUE,8.44668384628046,12.372584786616,8.44668384628046,1
41,5,25,2142.2281367,0.693179750840656,TRUE,8.56571626360542,12.5519008750629,8.56571626360542,1
42,5,30,2194.369535,0.697806544039221,TRUE,8.6976069614517,12.7524625524475,8.6976069614517,1
43,5,35,2226.3186006,0.698133152071965,TRUE,8.71698601334846,12.7835038807468,8.71698601334846,1
44,5,40,2283.1737663,0.698114705859492,TRUE,8.72194985272612,12.7924677751693,8.72194985272612,1
45,5,45,2328.6181235,0.697773726046457,TRUE,8.72412219220388,12.7951929986394,8.72412219220388,1
46,6,5,2366.9282365,0.112903087612576,TRUE,6.05694362475887,6.0985890187334,6.05694362475887,1
47,6,10,2399.1271409,0.11288335725379,TRUE,6.05528654282758,6.09855766543391,6.05528654282758,1
48,6,15,2441.3309226,0.112962629661755,TRUE,6.06568709855769,6.09696775379785,6.06568709855769,1
49,6,20,2485.7512872,0.112893760643291,TRUE,6.05973048058234,6.09675455879004,6.05973048058234,1
50,6,25,2531.0148418,0.112918049886723,TRUE,6.06475307390422,6.09516790457144,6.06475307390422,1
51,6,30,2567.137871,0.112868291949415,TRUE,6.06185668512755,6.0942079669525,6.06185668512755,1
52,6,35,2612.1536251,0.112938226263715,TRUE,6.07154158149776,6.09239072833385,6.07154158149776,1
53,6,40,2659.2059481,0.11298152064366,TRUE,6.07735052682249,6.09126423640577,6.07735052682249,1
54,6,45,2696.9329718,0.112990918975182,TRUE,6.0803558375136,6.08977456290661,6.0803558375136,1
55,7,5,2747.0197855,0.102469334811338,TRUE,3.28987476998282,6.10153846027998,4.24993717718615,0
56,7,10,2798.0396135,0.101785255135918,TRUE,3.34145377768868,6.0787482198777,4.24255495035208,0
57,7,15,2841.3692473,0.0996480930617505,TRUE,3.40863190967096,6.01791653239528,4.20997859290017,0
58,7,20,2887.8781227,0.0930714992277534,TRUE,3.48258825841154,5.85622348944175,4.09390981001764,0
59,7,25,2928.9332988,0.0738482544315298,TRUE,3.46719961847766,5.44936512957125,3.70978837159828,0
60,7,30,2978.7912428,0.0469782572030565,TRUE,3.07638589970319,4.86827743770357,3.07638589970319,0
61,7,35,3026.7462444,0.0417237064934771,TRUE,2.9343795226558,4.72808477608844,2.9343795226558,0
62,7,40,3075.7974035,0.0385711611609597,TRUE,2.82984689880925,4.63538675683021,2.82984689880925,0
63,7,45,3124.314515,0.0362241956744329,TRUE,2.75001374658292,4.56156931184421,2.75001374658292,0
64,8,5,3172.6283981,0.681634592169721,TRUE,8.22524505136514,12.0430700733096,8.22524505136514,2
65,8,10,3221.3346912,0.683858741048767,TRUE,8.28939562008781,12.1352945092904,8.28939562008781,2
66,8,15,3257.6833281,0.686121850704969,TRUE,8.35891122200009,12.2406907087342,8.35891122200009,2
67,8,20,3307.1083185,0.689112051714797,TRUE,8.44529938482052,12.3719372300522,8.44529938482052,2
68,8,25,3348.1102714,0.693131122456683,TRUE,8.56529305900777,12.5518494396619,8.56529305900777,2
69,8,30,3387.2704812,0.697739936803071,TRUE,8.69578796844555,12.7522665872257,8.69578796844555,2
70,8,35,3430.8895691,0.69815439177054,TRUE,8.71761840589626,12.7834297664987,8.71761840589626,2
71,8,40,3478.2773849,0.698096098037389,TRUE,8.72233466843169,12.7924500210654,8.72233466843169,2
72,8,45,3528.43449,0.69784030028428,TRUE,8.7265076879139,12.7946098009389,8.7265076879139,2
73,9,5,3587.8628969,0.102568075119644,TRUE,3.29926112778922,6.10156425304981,4.25019828258034,1
74,9,10,3629.6887354,0.101909380208381,TRUE,3.34749276773827,6.0799390711378,4.24313619976011,1
75,9,15,3674.2798868,0.0997312610585999,TRUE,3.41396334050603,6.0183105149638,4.21008188574056,1
76,9,20,3732.0064017,0.0931128572520902,TRUE,3.49288824676894,5.85579801273125,4.09410399730939,1
77,9,25,3780.6111015,0.0738757182201226,TRUE,3.46873091497579,5.45023656600193,3.71067491054761,1
78,9,30,3842.1104592,0.046928433936746,TRUE,3.07354524643939,4.86743577827955,3.07354524643939,1
79,9,35,3882.5916959,0.0417271055166162,TRUE,2.93423694358716,4.72868959743507,2.93423694358716,1
80,9,40,3920.8024229,0.0385402469810152,TRUE,2.82805833106865,4.63499391276309,2.82805833106865,1
81,9,45,3959.5462148,0.036211383223738,TRUE,2.74996490679632,4.56099919343911,2.74996490679632,1
82,10,5,4010.7529194,1.27786401158128,TRUE,4.11210747422949,6.56986102799527,4.11210747422949,2
83,10,10,4062.6849178,1.19294976179481,TRUE,4.13939157333294,4.98875207358446,4.13939157333294,2
84,10,15,4111.8503937,1.16696306246641,TRUE,4.88617205410052,5.99919838211214,4.88617205410052,2
85,10,20,4171.756574,1.17924602161005,TRUE,7.38749465510151,10.4934889385416,7.38749465510151,1
86,10,25,4203.9766192,1.21030847948614,TRUE,8.33169144501439,11.2823790602603,8.33169144501439,1
87,10,30,4251.2894249,1.21492300319716,TRUE,8.4855619176809,11.4144229570443,8.4855619176809,1
88,10,35,4316.6612081,1.21743975628936,TRUE,8.58583611789576,11.4976240727136,8.58583611789576,1
89,10,40,4363.5245243,1.21733349602455,TRUE,8.65341279912758,11.5309778961382,8.65341279912758,1
90,10,45,4417.2644558,1.2157533366457,TRUE,8.66942685477499,11.5224461245589,8.66942685477499,1
91,11,5,4463.8551664,0.925573787408526,FALSE,6.42054100101188,7.28399788391557,6.42054100101188,4
92,11,10,4514.203205,0.909768539146187,FALSE,6.37723366765993,7.67122986039729,6.37723366765993,4
93,11,15,4542.3187087,0.88780138604189,FALSE,6.6262346322146,8.28820679608411,6.6262346322146,4
94,11,20,4596.9916434,0.846689894309833,FALSE,7.62485161227021,9.58879841205062,7.62485161227021,4
95,11,25,4637.0024949,0.796878672048219,FALSE,10.9645410585533,13.5555244541365,10.9645410585533,2
96,11,30,4687.0735745,0.748035210363205,FALSE,11.3580706860107,12.7376956561984,11.3580706860107,2
97,11,35,4739.8119504,0.773651774553387,FALSE,14.6538080165691,16.0629371663699,14.6538080165691,2
98,11,40,4791.8555365,0.927258225310342,FALSE,10.8155804145724,11.0136599966981,10.8155804145724,4
99,11,45,4822.5579546,0.983715214831487,FALSE,17.7531965365611,14.7818072397863,17.7531965365611,3
100,12,5,4872.9447472,0.126640632818699,TRUE,2.12735480052445,7.24481528814625,4.63967339994996,0
101,12,10,4936.2947563,0.127624557744828,TRUE,2.15073023058137,7.27118476370901,4.65398131202808,0
102,12,15,4982.9363734,0.12890446049516,TRUE,2.20978407416983,7.2998311764314,4.66228360150293,0
103,12,20,5034.7302122,0.130466688336026,TRUE,2.26134568297334,7.33861144318774,4.67945382313473,0
104,12,25,5098.8491226,0.132696315078736,TRUE,2.35857035094508,7.38946790293443,4.69479100895726,0
105,12,30,5159.6121982,0.135229694708179,TRUE,2.46200323234684,7.4475581362106,4.71314279221601,0
106,12,35,5206.7881867,0.13575731795893,TRUE,2.47747202956064,7.46072923282818,4.7186749817015,0
107,12,40,5253.0682781,0.136093045747822,TRUE,2.49898251599322,7.46779083772686,4.71927583965659,0
108,12,45,5317.0540878,0.136399121921778,TRUE,2.52428108093702,7.47292034578475,4.71672907297417,0
109,13,5,5365.0094686,1.27961880743072,TRUE,3.98694283725518,6.60822367520873,3.98694283725518,2
110,13,10,5405.4660168,1.19403735217275,TRUE,4.06626263776794,5.02356006309229,4.06626263776794,2
111,13,15,5436.0521025,1.16758175593046,TRUE,4.83276097248854,6.01450667882469,4.83276097248854,2
112,13,20,5500.2045479,1.17940425676668,TRUE,7.36339530929862,10.5015442288757,7.36339530929862,1
113,13,25,5548.4730966,1.21034435982392,TRUE,8.32843161002927,11.2865614171663,8.32843161002927,1
114,13,30,5594.862681,1.21490749155944,TRUE,8.49184257001109,11.4196462855113,8.49184257001109,1
115,13,35,5648.161998,1.21740774416375,TRUE,8.59723310495855,11.5044009076015,8.59723310495855,1
116,13,40,5712.273684,1.21744918130611,TRUE,8.5822320950762,11.5100759303809,8.5822320950762,1
117,13,45,5765.2235167,1.21585020719611,TRUE,8.59443118302636,11.5002561235246,8.59443118302636,1
118,14,5,5824.304325,0.192616928717596,TRUE,2.51613852263281,2.97074629954929,2.51613852263281,2
119,14,10,5873.8332784,0.1997203638435,TRUE,0.769854861433271,9.12294731606216,3.95196284015575,1
120,14,15,5938.0544232,0.20131032118523,TRUE,0.64659418263163,9.35894082552145,4.67201976597668,1
121,14,20,6002.2344721,0.215420475253285,TRUE,-0.871190739274538,10.2452836418398,7.03958937417312,1
122,14,25,6066.7432092,0.242316933080135,TRUE,-0.66834305226253,11.1165335046846,7.94214437515686,1
123,14,30,6118.9850467,0.249175696765053,TRUE,-0.632195410534742,11.3232915402187,8.12142875539744,1
124,14,35,6164.8519374,0.254568768965349,TRUE,-0.604536957940227,11.4828928293887,8.25191273569117,1
125,14,40,6220.9064773,0.25817914737929,TRUE,-0.586100035344664,11.5879701353945,8.33443323192232,1
126,14,45,6260.171594,0.260724034973631,TRUE,-0.575838265416078,11.6627149985731,8.39297455534661,1
127,15,5,6312.0296025,1.27954978153358,TRUE,3.98321082779093,6.60728018618159,3.98321082779093,2
128,15,10,6349.2833108,1.19403584852236,TRUE,4.06227429193205,5.02341105248685,4.06227429193205,2
129,15,15,6401.2189566,1.16765150908591,TRUE,4.83476173811333,6.01346378147188,4.83476173811333,2
130,15,20,6455.3843552,1.17940431561991,TRUE,7.36364775380982,10.5013422413998,7.36364775380982,1
131,15,25,6495.2401336,1.21033752237031,TRUE,8.3290776832215,11.2871307186665,8.3290776832215,1
132,15,30,6558.2183598,1.21497440909478,TRUE,8.48993803337861,11.4199977518357,8.48993803337861,1
133,15,35,6619.3731119,1.21743848367265,TRUE,8.59758806630954,11.5043318576593,8.59758806630954,1
134,15,40,6662.3390839,1.21738342261814,TRUE,8.5800070201908,11.5101145507639,8.5800070201908,1
135,15,45,6708.3737583,1.21586858408853,TRUE,8.58901454588975,11.5006999755032,8.58901454588975,1
136,16,5,6754.1483717,0.112957107331685,TRUE,6.06250486960499,6.09797235983146,6.06250486960499,1
137,16,10,6794.2681881,0.112992062650358,TRUE,6.0666840474882,6.09761092167269,6.0666840474882,1
138,16,15,6841.2268176,0.113017909784949,TRUE,6.0715154306433,6.09644658630009,6.0715154306433,1
139,16,20,6885.4606138,0.112936853596999,TRUE,6.06413859287531,6.09654824709144,6.06413859287531,1
140,16,25,6929.3676068,0.112918821113376,TRUE,6.06419176139941,6.09526738082412,6.06419176139941,1
141,16,30,6978.0026172,0.112942225628705,TRUE,6.06865489662112,6.09387570518496,6.06865489662112,1
142,16,35,7025.4780003,0.11295349450092,TRUE,6.07287305815908,6.09248630420394,6.07287305815908,1
143,16,40,7059.1652752,0.112920095393347,TRUE,6.07081038643333,6.09164049256851,6.07081038643333,1
144,16,45,7106.987439,0.11306603942609,TRUE,6.08602413144429,6.08953960190018,6.08602413144429,1
145,17,5,7170.7306067,0.12665759386728,TRUE,2.13450275142262,7.24401681898798,4.63744457208084,0
146,17,10,7234.2142089,0.127631272973489,TRUE,2.15540059998717,7.27056730561999,4.65260051447245,0
147,17,15,7270.7135604,0.128824184887644,TRUE,2.20178941018186,7.29952005698941,4.6643816005977,0
148,17,20,7335.1870083,0.130459719636605,TRUE,2.27052496107786,7.33699499384747,4.67639671083325,0
149,17,25,7389.6334146,0.132688971370895,TRUE,2.3570428803145,7.38965917255318,4.6954568833571,0
150,17,30,7440.9775703,0.135289902985664,TRUE,2.46379259424326,7.44832369710968,4.7125056868663,0
151,17,35,7489.4085745,0.135705548997812,TRUE,2.48895958601768,7.45839636318699,4.7151150657395,0
152,17,40,7527.8305795,0.136028728803958,TRUE,2.49097969776423,7.46797037862472,4.72156184628683,0
153,17,45,7587.6169306,0.136343069598748,TRUE,2.51729461074594,7.47278713167932,4.71848138836372,0
154,18,5,7634.882836,0.681655542298461,TRUE,8.22808009449078,12.044163371734,8.22808009449078,2
155,18,10,7681.0657154,0.683862920036739,TRUE,8.28547332574838,12.1342020162088,8.28547332574838,2
156,18,15,7733.3266605,0.686165777935472,TRUE,8.35607474761512,12.2391364761141,8.35607474761512,2
157,18,20,7790.7919347,0.689121534078579,TRUE,8.44639709682121,12.372318244274,8.44639709682121,2
158,18,25,7840.8739739,0.693250070786883,TRUE,8.56008709846697,12.5477034456152,8.56008709846697,2
159,18,30,7872.2911869,0.697710124517485,TRUE,8.69785869103383,12.7536057093356,8.69785869103383,2
160,18,35,7901.9986777,0.698126108361953,TRUE,8.71721500077647,12.783573760205,8.71721500077647,2
161,18,40,7946.4901012,0.69807446662265,TRUE,8.72363315855204,12.7936261811716,8.72363315855204,2
162,18,45,8005.388231,0.697841526448285,TRUE,8.72275167060909,12.792478566347,8.72275167060909,2
163,19,5,8053.0683764,0.126668298098285,TRUE,2.13078441120194,7.24424757147379,4.63798627491077,1
164,19,10,8102.9518611,0.127663092690104,TRUE,2.16447663445379,7.26900024600741,4.64907583920079,1
165,19,15,8157.3408977,0.128845516473343,TRUE,2.20855043884811,7.29875562317401,4.66225389803875,1
166,19,20,8210.5966143,0.130469647937371,TRUE,2.26954023354522,7.33756904667845,4.67711093892203,1
167,19,25,8257.2740795,0.132773783501361,TRUE,2.36249296875055,7.39053044149405,4.69437119000719,1
168,19,30,8304.1223724,0.135175641233458,TRUE,2.45777474238844,7.44734668796512,4.71422268042306,1
169,19,35,8355.7374371,0.13578594456275,TRUE,2.48513304589119,7.46039353575588,4.71662293813027,1
170,19,40,8399.5890037,0.136195903430155,TRUE,2.50794510052798,7.46829242754789,4.71653335572224,1
171,19,45,8454.3873259,0.136298321881762,TRUE,2.51794891690615,7.47202926432052,4.7182872544764,1
172,20,5,8504.3267062,0.681744534864799,TRUE,8.22548151197559,12.0428029606241,8.22548151197559,1
173,20,10,8563.8422977,0.68383066248289,TRUE,8.28690753595188,12.1350951054421,8.28690753595188,1
174,20,15,8613.6238354,0.686287246911324,TRUE,8.36423683136674,12.239349084229,8.36423683136674,1
175,20,20,8661.1256021,0.689152099463883,TRUE,8.44655142046915,12.3718659381222,8.44655142046915,1
176,20,25,8720.5214249,0.693171996372066,TRUE,8.56518021145862,12.5517079630151,8.56518021145862,1
177,20,30,8759.1182012,0.697739135812339,TRUE,8.69874638121959,12.7533348849929,8.69874638121959,1
178,20,35,8807.5912852,0.698223152010788,TRUE,8.71853554489226,12.7828535215656,8.71853554489226,1
179,20,40,8854.419752,0.69821179749471,TRUE,8.72577261358998,12.7933091178898,8.72577261358998,1
180,20,45,8898.6131113,0.697810476856763,TRUE,8.72461838611199,12.793959786227,8.72461838611199,1
181,21,5,8951.5241293,1.90729195297788,FALSE,13.7975852596474,10.1169023410003,13.7975852596474,0
182,21,10,8994.1554238,1.90660712527016,FALSE,13.6733729594164,10.0080569307103,13.6733729594164,0
183,21,15,9046.4463406,1.90572154457174,FALSE,13.5130685582687,9.87414779949408,13.5130685582687,0
184,21,20,9087.2613644,1.9043455055186,FALSE,13.3210762258971,9.69968364343294,13.3210762258971,0
185,21,25,9128.1953484,1.90275667123826,FALSE,13.0323889156391,9.49677285745325,13.0323889156391,0
186,21,30,9174.787302,1.90104890134953,FALSE,12.7080431841329,9.28772399004729,12.7080431841329,0
187,21,35,9216.5329328,1.9004312220439,FALSE,12.6254430865007,9.23510040580234,12.6254430865007,0
188,21,40,9263.2529824,1.90025440893521,FALSE,12.5439350066099,9.21037772049638,12.5439350066099,0
189,21,45,9320.0503727,1.89986816717952,FALSE,12.4844621254993,9.18065228241568,12.4844621254993,0
190,22,5,9366.4532465,1.8975697710651,FALSE,12.2559791189586,9.12653798099189,12.2559791189586,0
191,22,10,9415.2405036,1.89672713716228,FALSE,12.1613300285545,9.04378661113248,12.1613300285545,0
192,22,15,9455.3682144,1.89566539399593,FALSE,12.0374116209523,8.95508387262329,12.0374116209523,0
193,22,20,9514.9190784,1.89446129839313,FALSE,11.931030095962,8.85811300742081,11.931030095962,0
194,22,25,9560.0914637,1.89277544372097,FALSE,11.8032297914931,8.74902000729776,11.8032297914931,0
195,22,30,9607.809062,1.89091770320506,FALSE,11.6775456543109,8.62580697468313,11.6775456543109,0
196,22,35,9661.7954745,1.89037508940207,FALSE,11.6338958197406,8.60583200503231,11.6338958197406,0
197,22,40,9701.9779015,1.8899045159952,FALSE,11.6003574707474,8.59469631629797,11.6003574707474,0
198,22,45,9747.956657,1.88992568754903,FALSE,11.5984174751158,8.59028200056933,11.5984174751158,0
199,23,5,9793.0544421,1.90739010466198,FALSE,13.792220726825,10.1160080567804,13.792220726825,0
200,23,10,9846.4522381,1.9066697066683,FALSE,13.6708848203421,10.0018973373735,13.6708848203421,0
201,23,15,9894.6291877,1.90560454438055,FALSE,13.5224051297783,9.86405438641513,13.5224051297783,0
202,23,20,9946.302845,1.90442481612579,FALSE,13.3130850192832,9.70012931767168,13.3130850192832,0
203,23,25,9999.0618033,1.90278801759379,FALSE,13.037030743678,9.4970926866677,13.037030743678,0
204,23,30,10044.2268884,1.90101135313267,FALSE,12.7112164882753,9.28298367115725,12.7112164882753,0
205,23,35,10089.8479447,1.90041592808437,FALSE,12.6251785527575,9.23639997656537,12.6251785527575,0
206,23,40,10127.892811,1.90005423170624,FALSE,12.550090295527,9.20422426647585,12.550090295527,0
207,23,45,10177.7629037,1.8998917238456,FALSE,12.4855067330145,9.18279333187254,12.4855067330145,0
208,24,5,10226.9236253,1.89746419952668,FALSE,12.2591935079973,9.12540333893821,12.2591935079973,0
209,24,10,10274.8012092,1.89667331406116,FALSE,12.1744370690747,9.04534106065609,12.1744370690747,0
210,24,15,10317.5394299,1.89572965597957,FALSE,12.0403888393549,8.94788102744898,12.0403888393549,0
211,24,20,10356.1034484,1.89438868484576,FALSE,11.9281252914239,8.85893284241892,11.9281252914239,0
212,24,25,10412.1864151,1.89284738017643,FALSE,11.8014843121745,8.74560026235879,11.8014843121745,0
213,24,30,10451.5812815,1.89087162999246,FALSE,11.6566607737432,8.63380907606246,11.6566607737432,0
214,24,35,10497.041704,1.89039760015002,FALSE,11.6399267344242,8.60771129441554,11.6399267344242,0
215,24,40,10545.7612588,1.89014560735297,FALSE,11.6159364311998,8.59973883942517,11.6159364311998,0
216,24,45,10592.1718979,1.88971000912339,FALSE,11.6041771261754,8.58545475688597,11.6041771261754,0
217,25,5,10639.3767662,1.961069937694,FALSE,33.9876273040122,2.50929289409112,33.9876273040122,4
218,25,10,10688.0675033,1.95817067099167,FALSE,24.7718519843669,8.47194194823365,24.7718519843669,4
219,25,15,10737.3355905,1.95505235694616,FALSE,26.8704740500189,8.31901319448511,26.8704740500189,4
220,25,20,10780.8230434,1.95410271904896,FALSE,29.6521356567937,9.10548375222831,29.6521356567937,5
221,25,25,10824.2788873,1.94494659737643,FALSE,16.0337209424154,14.6375455416162,16.0337209424154,7
222,25,30,10870.4408211,1.93895423704636,FALSE,17.7721943808925,16.6200840642644,17.7721943808925,4
223,25,35,10903.1934926,1.95672756009346,FALSE,29.5340446130899,5.85057662333941,29.5340446130899,11
224,25,40,10948.600217,1.9579416005383,FALSE,29.6383480263929,7.92541817521333,29.6383480263929,10
225,25,45,10997.063576,1.95759919015996,FALSE,31.7614331040717,9.96914381497095,31.7614331040717,5
226,26,5,11038.4512738,1.05870201519964,TRUE,4.11689384622789,5.52061884798102,4.11689384622789,0
227,26,10,11086.1608477,1.06034514290019,TRUE,4.14975201080499,5.56665959104228,4.14975201080499,0
228,26,15,11126.8477133,1.06241388990894,TRUE,4.19203634038855,5.62298804142656,4.19203634038855,0
229,26,20,11176.7966437,1.06515487587925,TRUE,4.24795100043793,5.69667232730724,4.24795100043793,0
230,26,25,11218.5353211,1.06894907435438,TRUE,4.32647205496606,5.79804591973663,4.32647205496606,0
231,26,30,11267.3299071,1.07361473111681,TRUE,4.42095625475812,5.91959462135073,4.42095625475812,0
232,26,35,11317.7866655,1.07465902884498,TRUE,4.44343111636118,5.94681854744633,4.44343111636118,0
233,26,40,11367.7701823,1.0752475332009,TRUE,4.45939764182959,5.96056055376405,4.45939764182959,0
234,26,45,11414.1206964,1.07567636669042,TRUE,4.47382835463374,5.97293704752817,4.47382835463374,0
235,27,5,11461.6957633,1.05431215228031,TRUE,3.81792374808085,5.65392084552601,3.81792374808085,1
236,27,10,11505.5665824,1.05514216585585,TRUE,3.85964820294401,5.70892871453513,3.85964820294401,1
237,27,15,11557.4701508,1.0562173999647,TRUE,3.91295438628086,5.77843117476545,3.91295438628086,1
238,27,20,11604.2629062,1.05779059360911,TRUE,3.98441517848409,5.87219424610407,3.98441517848409,1
239,27,25,11655.3465496,1.06027894071345,TRUE,4.08817988665763,6.00827439306073,4.08817988665763,1
240,27,30,11692.1642189,1.063393623459,TRUE,4.20851209372463,6.16830649258626,4.20851209372463,1
241,27,35,11738.1595144,1.06422686211221,TRUE,4.23955882889729,6.20826945833579,4.23955882889729,1
242,27,40,11789.2393509,1.06483935639378,TRUE,4.2628575640789,6.23576033767943,4.2628575640789,1
243,27,45,11841.1203217,1.06533034440364,TRUE,4.2787489503554,6.25820863585842,4.2787489503554,1
244,28,5,11884.9319232,1.05867301479417,TRUE,4.1165902438149,5.52030221026347,4.1165902438149,1
245,28,10,11933.672482,1.06035570066187,TRUE,4.15137889404118,5.56667853323402,4.15137889404118,1
246,28,15,11973.7903277,1.06239117902064,TRUE,4.18983444538262,5.6231261284494,4.18983444538262,1
247,28,20,12025.7343375,1.06517679304796,TRUE,4.24842709255875,5.69688103207922,4.24842709255875,1
248,28,25,12071.3531603,1.06899442621569,TRUE,4.32844399993358,5.79895296766942,4.32844399993358,1
249,28,30,12122.3986183,1.07359529281349,TRUE,4.4223980106354,5.91898089397642,4.4223980106354,1
250,28,35,12179.0767298,1.07462754968059,TRUE,4.44370293601271,5.94524452846373,4.44370293601271,1
251,28,40,12221.0634495,1.07527175963586,TRUE,4.4605450047534,5.96256369461137,4.4605450047534,1
252,28,45,12272.4487735,1.07574262623498,TRUE,4.47474061268168,5.97420038262632,4.47474061268168,1
253,29,5,12317.8115175,1.05429499563394,TRUE,3.81803370575845,5.65362399113882,3.81803370575845,1
254,29,10,12366.0386764,1.055142258777,TRUE,3.86047806263453,5.70904829677286,3.86047806263453,1
255,29,15,12415.8422845,1.0562371040118,TRUE,3.9119563804978,5.7791778203662,3.9119563804978,1
256,29,20,12461.5198289,1.05783575329918,TRUE,3.98209161821467,5.87408039004987,3.98209161821467,1
257,29,25,12513.7641222,1.06028397819547,TRUE,4.08598765544035,6.00856004522023,4.08598765544035,1
258,29,30,12562.9768513,1.06347909316717,TRUE,4.20673025704396,6.16985962101762,4.20673025704396,1
259,29,35,12612.2117579,1.06422451824454,TRUE,4.24033193862915,6.2081128203039,4.24033193862915,1
260,29,40,12647.0432654,1.06478110871636,TRUE,4.26132152367745,6.23497058763378,4.26132152367745,1
261,29,45,12692.2124292,1.0653008610024,TRUE,4.27903707509662,6.25773006365847,4.27903707509662,1
262,30,5,12745.1350355,1.96233651121052,FALSE,29.105553610623,4.65960064856925,29.105553610623,4
263,30,10,12791.5078468,1.95815268555753,FALSE,24.716983524696,8.50853733269523,24.716983524696,4
264,30,15,12828.7272022,1.9550213104346,FALSE,26.9008815569224,8.32540008132329,26.9008815569224,4
265,30,20,12865.5416553,1.95392497991129,FALSE,29.6803393058818,9.1319565698016,29.6803393058818,5
266,30,25,12916.6930386,1.94500650188531,FALSE,16.0056176505657,14.6431226058097,16.0056176505657,7
267,30,30,12963.517069,1.93889633838712,FALSE,17.7835415297762,16.6312634821937,17.7835415297762,4
268,30,35,13013.3414471,1.95675571143323,FALSE,29.5184539580975,5.83365319123895,29.5184539580975,11
269,30,40,13062.4339954,1.9579506550155,FALSE,28.7951863917368,6.85061616817466,28.7951863917368,11
270,30,45,13111.4033988,1.95762171914671,FALSE,31.6755789450751,9.98906895202411,31.6755789450751,5
271,31,5,13154.9640262,1.06268150036209,TRUE,3.88689041652932,5.52344584706671,3.88689041652932,0
272,31,10,13193.5667064,1.06432534123551,TRUE,3.91729461992763,5.56732775188473,3.91729461992763,0
273,31,15,13250.6439567,1.06638196768245,TRUE,3.95494240814365,5.62146496356465,3.95494240814365,0
274,31,20,13304.4739569,1.0691354871898,TRUE,4.00870484085935,5.6934818897813,4.00870484085935,0
275,31,25,13352.5628224,1.0730334099223,TRUE,4.08366766718451,5.79316434303279,4.08366766718451,0
276,31,30,13406.2483784,1.07766751152475,TRUE,4.1734102773143,5.91116865048334,4.1734102773143,0
277,31,35,13457.5109712,1.07870917774872,TRUE,4.19608054009943,5.93645989886429,4.19608054009943,0
278,31,40,13509.5584486,1.07931469763398,TRUE,4.20776860316645,5.95222245946634,4.20776860316645,0
279,31,45,13543.5511883,1.07974041583728,TRUE,4.21801797729521,5.96247989676418,4.21801797729521,0
280,32,5,13589.4853982,1.05464313438934,TRUE,3.69281434285246,5.61762043432837,3.69281434285246,1
281,32,10,13637.6955777,1.05548773273652,TRUE,3.74137733713329,5.67454682935865,3.74137733713329,1
282,32,15,13685.5663165,1.05655671517756,TRUE,3.7962385240595,5.74567711974014,3.7962385240595,1
283,32,20,13725.611635,1.05807144713687,TRUE,3.87123535250963,5.84023012191782,3.87123535250963,1
284,32,25,13776.900929,1.06055655537188,TRUE,3.98242575527265,5.9792123311709,3.98242575527265,1
285,32,30,13826.4494013,1.06363311271699,TRUE,4.11085931045864,6.14144147092288,4.11085931045864,1
286,32,35,13874.3818433,1.06450656144688,TRUE,4.14835575126653,6.18398045012389,4.14835575126653,1
287,32,40,13922.5158713,1.06503162743433,TRUE,4.16574044441456,6.2102390519136,4.16574044441456,1
288,32,45,13968.592893,1.06550526244777,TRUE,4.1858211194684,6.23201807883503,4.1858211194684,1
289,33,5,14012.1615095,1.06267046777301,TRUE,3.88708443341962,5.5228813191343,3.88708443341962,1
290,33,10,14054.0741005,1.06435223976432,TRUE,3.91534852274583,5.56685381085354,3.91534852274583,1
291,33,15,14097.1650279,1.06637870025848,TRUE,3.95462073730015,5.62101774636221,3.95462073730015,1
292,33,20,14142.3109223,1.06912878313729,TRUE,4.00724298158285,5.69262054212033,4.00724298158285,1
293,33,25,14180.3497268,1.0730089036118,TRUE,4.08059832864913,5.79383691937113,4.08059832864913,1
294,33,30,14232.8429746,1.07771401056235,TRUE,4.17231941161376,5.91125573947227,4.17231941161376,1
295,33,35,14279.9538481,1.07868843233044,TRUE,4.19426818903416,5.93627664658348,4.19426818903416,1
296,33,40,14333.766304,1.07934439661054,TRUE,4.20904192227974,5.95240302993643,4.20904192227974,1
297,33,45,14385.8339833,1.07983182287153,TRUE,4.22396908944168,5.9642919424478,4.22396908944168,1
298,34,5,14432.8559236,1.05463315503551,TRUE,3.69354798726174,5.61720813585514,3.69354798726174,1
299,34,10,14485.0867337,1.05547720442664,TRUE,3.74122209715989,5.67406521641263,3.74122209715989,1
300,34,15,14536.2069987,1.05658050329496,TRUE,3.79781888229138,5.74612107353543,3.79781888229138,1
301,34,20,14584.399445,1.05810608766398,TRUE,3.86983424228294,5.84129857830982,3.86983424228294,1
302,34,25,14634.4590972,1.06058680110962,TRUE,3.98317926128814,5.98029414549767,3.98317926128814,1
303,34,30,14681.0230004,1.06363168294671,TRUE,4.11084764789406,6.14143417532338,4.11084764789406,1
304,34,35,14733.4705402,1.06448315666455,TRUE,4.14634942350914,6.18287106089378,4.14634942350914,1
305,34,40,14784.7531594,1.0649906597049,TRUE,4.16576229519252,6.20902593289438,4.16576229519252,1
306,34,45,14820.8364608,1.06546868825325,TRUE,4.18462328451747,6.23131841283101,4.18462328451747,1
307,35,5,14868.9007863,1.96273501838698,FALSE,24.3416654195921,6.41835183820185,24.3416654195921,4
308,35,10,14900.2564741,1.95810806287932,FALSE,24.7405154319441,8.51228796285362,24.7405154319441,4
309,35,15,14947.4352108,1.95509622756516,FALSE,26.8726291672039,8.32368236412231,26.8726291672039,4
310,35,20,14992.9843571,1.95397963359395,FALSE,29.6727498189369,9.12365824613684,29.6727498189369,5
311,35,25,15029.171672,1.94490318122706,FALSE,16.0217203810704,14.648449625443,16.0217203810704,7
312,35,30,15066.3109668,1.93884646050717,FALSE,17.7803984751916,16.6372494266153,17.7803984751916,4
313,35,35,15111.0950242,1.95679034174489,FALSE,29.5026889629721,5.82890028114387,29.5026889629721,11
314,35,40,15147.3356647,1.95786248620313,FALSE,28.8112464605629,6.86098842524469,28.8112464605629,11
315,35,45,15185.1271309,1.95758998614718,FALSE,31.757586323996,9.9870083392555,31.757586323996,5
316,36,5,15236.2757399,1.05870542192068,TRUE,4.11633917809824,5.52045726408415,4.11633917809824,0
317,36,10,15290.4767193,1.06037618640435,TRUE,4.15123093385954,5.56774560481991,4.15123093385954,0
318,36,15,15334.3674534,1.06242106183848,TRUE,4.18934052377991,5.62370393531701,4.18934052377991,0
319,36,20,15383.5922717,1.06512611073697,TRUE,4.24830468232643,5.69627630002089,4.24830468232643,0
320,36,25,15435.68642,1.06904597104192,TRUE,4.32685266450752,5.79979475541616,4.32685266450752,0
321,36,30,15479.148952,1.07358506606535,TRUE,4.42113197281508,5.91838874925227,4.42113197281508,0
322,36,35,15527.1391503,1.07463515025132,TRUE,4.44466538396996,5.94597089240979,4.44466538396996,0
323,36,40,15561.6273232,1.07520833517408,TRUE,4.46077898491749,5.96113327493819,4.46077898491749,0
324,36,45,15612.0871399,1.07574660979988,TRUE,4.47327411919348,5.97455105359318,4.47327411919348,0
325,37,5,15660.767367,1.05427828285766,TRUE,3.81750584701454,5.65286889161724,3.81750584701454,1
326,37,10,15714.6117039,1.05516625003267,TRUE,3.85675471057141,5.70960259401584,3.85675471057141,1
327,37,15,15754.0470501,1.05580521725472,TRUE,4.22600485069073,5.74440360289956,4.22600485069073,1
328,37,20,15806.6575605,1.05783980305409,TRUE,3.98486388330111,5.87390215320398,3.98486388330111,1
329,37,25,15838.4775768,1.0602289971753,TRUE,4.08761937681511,6.00763377548968,4.08761937681511,1
330,37,30,15889.4572245,1.06344189497537,TRUE,4.21122259029539,6.16892560048103,4.21122259029539,1
331,37,35,15947.1266053,1.06424679402556,TRUE,4.23919130941907,6.20861730887237,4.23919130941907,1
332,37,40,15986.8140998,1.06478814449674,TRUE,4.26122210674121,6.23514590621749,4.26122210674121,1
333,37,45,16032.9467651,1.06485847862994,TRUE,4.61521307853665,6.20344575526666,4.61521307853665,1
334,38,5,16087.6975541,1.05869302047439,TRUE,4.11785395600125,5.52079365559719,4.11785395600125,1
335,38,10,16129.8841324,1.06033108140828,TRUE,4.15029478323744,5.56659862728934,4.15029478323744,1
336,38,15,16186.2081512,1.06240715856859,TRUE,4.192050902929,5.6225120112978,4.192050902929,1
337,38,20,16240.0925698,1.06511723288559,TRUE,4.24657572736088,5.69573499947277,4.24657572736088,1
338,38,25,16289.4753573,1.0689985315453,TRUE,4.32786415826804,5.79891110973161,4.32786415826804,1
339,38,30,16339.7232369,1.07361534527802,TRUE,4.42377733264679,5.91910394540194,4.42377733264679,1
340,38,35,16390.6789854,1.0746435572199,TRUE,4.44464682797735,5.94536202885674,4.44464682797735,1
341,38,40,16436.8214049,1.07527600406607,TRUE,4.4629311509355,5.96196183424878,4.4629311509355,1
342,38,45,16481.8693516,1.07568580821282,TRUE,4.47435744643816,5.97326518066292,4.47435744643816,1
343,39,5,16536.0614499,1.0542932030297,TRUE,3.81766507732159,5.65327911540293,3.81766507732159,1
344,39,10,16571.6410529,1.05510401538951,TRUE,3.85998866974215,5.70830434418331,3.85998866974215,1
345,39,15,16615.9131584,1.05622752848611,TRUE,3.91364788784628,5.77817990904582,3.91364788784628,1
346,39,20,16669.8049565,1.05785401815683,TRUE,3.98558989618381,5.8741649423956,3.98558989618381,1
347,39,25,16704.166428,1.06025057171757,TRUE,4.08564590886369,6.00797290154829,4.08564590886369,1
348,39,30,16745.3382523,1.06340679608555,TRUE,4.21009705173097,6.16832721206491,4.21009705173097,1
349,39,35,16781.3620932,1.06420024542438,TRUE,4.23857974735624,6.20764625684612,4.23857974735624,1
350,39,40,16824.5763759,1.06480167971457,TRUE,4.25950996479725,6.23474344164942,4.25950996479725,1
351,39,45,16873.9558102,1.06535627935313,TRUE,4.28091462420462,6.25875990081291,4.28091462420462,1
352,40,5,16919.4292133,1.96275216054344,FALSE,24.3044760448192,6.42240941575203,24.3044760448192,4
353,40,10,16966.5056069,1.95606459199052,FALSE,35.3374160537878,4.31518951252527,35.3374160537878,4
354,40,15,17006.4266622,1.95501239607594,FALSE,26.8666747541381,8.33696968649216,26.8666747541381,4
355,40,20,17057.6523493,1.95394258905654,FALSE,29.6917314161196,9.12072301958045,29.6917314161196,5
356,40,25,17092.4082322,1.94482182150261,FALSE,18.8372020630439,14.4312114403297,18.8372020630439,6
357,40,30,17129.6776297,1.93881657210334,FALSE,17.7923170773547,16.6479071683399,17.7923170773547,4
358,40,35,17169.2520588,1.95674022782287,FALSE,29.5170466482465,5.84405218267183,29.5170466482465,11
359,40,40,17209.5508527,1.95789850759517,FALSE,28.7634688630574,6.85996610487003,28.7634688630574,11
360,40,45,17258.9431164,1.95759982750551,FALSE,31.7226916715086,9.98598705035054,31.7226916715086,5
361,41,5,17303.7990776,1.06273181339487,TRUE,3.88801375261405,5.52366032960333,3.88801375261405,0
362,41,10,17344.6938289,1.06432553734803,TRUE,3.91602276935756,5.56746671790648,3.91602276935756,0
363,41,15,17402.7150777,1.06642403657539,TRUE,3.95445210521332,5.62160807854986,3.95445210521332,0
364,41,20,17456.3130834,1.06917388870537,TRUE,4.01005916243136,5.69401739578772,4.01005916243136,0
365,41,25,17493.2507568,1.07297667282165,TRUE,4.08175010741299,5.79284136439098,4.08175010741299,0
366,41,30,17531.0501547,1.07763636583336,TRUE,4.1701912628064,5.91114394281436,4.1701912628064,0
367,41,35,17581.0484236,1.0786843488648,TRUE,4.19246880328516,5.93630404713699,4.19246880328516,0
368,41,40,17624.90023,1.07934300051206,TRUE,4.21000650388798,5.95303633006439,4.21000650388798,0
369,41,45,17664.5602333,1.07976783961964,TRUE,4.2215803875847,5.96342433218547,4.2215803875847,0
370,42,5,17700.3361826,1.05460392874069,TRUE,3.69362270485901,5.61617042330908,3.69362270485901,1
371,42,10,17735.9880616,1.05543795474125,TRUE,3.73823848817125,5.67310324645882,3.73823848817125,1
372,42,15,17782.1955261,1.05651944228751,TRUE,3.79461632336147,5.74434203556129,3.79461632336147,1
373,42,20,17826.5732543,1.05810894341273,TRUE,3.86968235772762,5.84130818818298,3.86968235772762,1
374,42,25,17878.183798,1.06053802370496,TRUE,3.98232102490174,5.97735233141223,3.98232102490174,1
375,42,30,17928.8211249,1.06365240123118,TRUE,4.11930997034519,6.13841147526613,4.11930997034519,1
376,42,35,17985.2211167,1.06450547328605,TRUE,4.15079032845569,6.17945505762055,4.15079032845569,1
377,42,40,18028.5272435,1.06499008839319,TRUE,4.17383715904543,6.20423470304564,4.17383715904543,1
378,42,45,18070.9955023,1.06549150883636,TRUE,4.19510817392798,6.2265789889326,4.19510817392798,1
379,43,5,18125.2012909,1.06272247209005,TRUE,3.88845071793833,5.52335867939288,3.88845071793833,1
380,43,10,18177.9081081,1.06435573047003,TRUE,3.91733115579349,5.567569029086,3.91733115579349,1
381,43,15,18226.2460866,1.06640719444801,TRUE,3.95574180546699,5.62155102954391,3.95574180546699,1
382,43,20,18286.7845529,1.06915903452701,TRUE,4.00651465759569,5.69353706119861,4.00651465759569,1
383,43,25,18335.647014,1.07304598038483,TRUE,4.08067209044632,5.79459482814065,4.08067209044632,1
384,43,30,18389.0703387,1.07764361825755,TRUE,4.17174014745764,5.9106973002974,4.17174014745764,1
385,43,35,18444.2217559,1.07870402902222,TRUE,4.19101885791486,5.93755193734722,4.19101885791486,1
386,43,40,18492.709595,1.0793260087647,TRUE,4.21362986378924,5.95367571539315,4.21362986378924,1
387,43,45,18541.9456238,1.07976602010689,TRUE,4.21967651125609,5.96360138250725,4.21967651125609,1
388,44,5,18581.3803611,1.05462042633426,TRUE,3.69351384416323,5.61696605951517,3.69351384416323,1
389,44,10,18624.8207062,1.05545392843972,TRUE,3.73896384677895,5.67335126653604,3.73896384677895,1
390,44,15,18672.4613799,1.05655685329928,TRUE,3.7971095916657,5.74560156891246,3.7971095916657,1
391,44,20,18724.2983294,1.05806328393332,TRUE,3.87138172773466,5.83972133369875,3.87138172773466,1
392,44,25,18778.8675703,1.06060153308482,TRUE,3.98951125766456,5.97936425313924,3.98951125766456,1
393,44,30,18828.4249015,1.0636499011676,TRUE,4.11649160967383,6.13871448704791,4.11649160967383,1
394,44,35,18885.0070087,1.06448274553966,TRUE,4.15454529750084,6.17884575618827,4.15454529750084,1
395,44,40,18922.0163422,1.06497998994094,TRUE,4.17362744166953,6.20391145690643,4.17362744166953,1
396,44,45,18965.5033011,1.06554486529499,TRUE,4.19759709477634,6.22790679327549,4.19759709477634,1
397,45,5,19009.1345124,1.95619099132937,FALSE,29.0569704055438,9.03076022661811,29.0569704055438,7
398,45,10,19058.2191964,1.95511543561196,FALSE,27.8220862931322,11.5396190137349,27.8220862931322,6
399,45,15,19108.2662888,1.95519766866199,FALSE,28.407633357193,11.4785186803195,28.407633357193,4
400,45,20,19155.8269307,1.95588802428696,FALSE,28.5376525712633,10.9216344378297,28.5376525712633,4
401,45,25,19203.1550944,1.95791854523828,FALSE,27.8558771601605,8.94393026403543,27.8558771601605,6
402,45,30,19238.3674643,1.95935802410175,FALSE,29.2242844170074,8.43536076245961,29.2242844170074,6
403,45,35,19285.8037443,1.95889459831319,FALSE,31.2814462405091,7.1239652495266,31.2814462405091,6
404,45,40,19333.599763,1.95588231535201,FALSE,38.4163621249968,6.35290562959733,38.4163621249968,6
405,45,45,19382.1805391,1.94477335882718,FALSE,41.9892310616562,5.22208057502962,41.9892310616562,21
406,46,5,19432.1482101,1.95502658646304,FALSE,36.6712936783566,6.72563548873869,36.6712936783566,7
407,46,10,19482.5487918,1.95434190591479,FALSE,30.5033449062832,10.2031217858428,30.5033449062832,7
408,46,15,19522.8039291,1.9458014502163,FALSE,46.2164040284563,1.55857687068407,46.2164040284563,26
409,46,20,19567.898133,1.95482979868758,FALSE,29.5369936913671,10.4132138822262,29.5369936913671,6
410,46,25,19607.8121035,1.95669716097663,FALSE,30.3857553986224,9.62107962920434,30.3857553986224,6
411,46,30,19659.4593506,1.95705652743919,FALSE,38.7907467088173,7.18548255966878,38.7907467088173,7
412,46,35,19700.2780051,1.95785662940182,FALSE,30.789169542702,9.44554457859594,30.789169542702,6
413,46,40,19751.1364983,1.95584314937876,FALSE,38.721634520032,5.77372937526061,38.721634520032,8
414,46,45,19802.7690975,1.9568083930902,FALSE,36.3333815087988,7.46155632506896,36.3333815087988,6
415,47,5,19856.2906345,1.9561791345125,FALSE,29.118298387227,9.02772006483176,29.118298387227,7
416,47,10,19902.3808514,1.93688450005088,FALSE,33.6190848439297,9.49468742147975,33.6190848439297,24
417,47,15,19951.9597585,1.95270370186314,FALSE,34.0153532753749,6.75320836132433,34.0153532753749,7
418,47,20,20002.5872098,1.95586424066583,FALSE,28.5641025777669,10.9264765698447,28.5641025777669,4
419,47,25,20042.5720924,1.95788550956968,FALSE,27.843755031716,8.96815051116541,27.843755031716,6
420,47,30,20092.0278069,1.95948703194457,FALSE,28.1401708028285,8.7115892191082,28.1401708028285,6
421,47,35,20124.1281005,1.9589983628262,FALSE,29.7814275032322,7.64545781785158,29.7814275032322,6
422,47,40,20162.0530841,1.95873849707304,FALSE,27.8542999896814,8.68924316930347,27.8542999896814,6
423,47,45,20206.9537276,1.95432141685662,FALSE,38.460561778242,7.08204397463141,38.460561778242,14
424,48,5,20245.3797525,1.95555689028442,FALSE,30.5864221019767,8.95268471995052,30.5864221019767,7
425,48,10,20289.5089708,1.95440298654608,FALSE,28.9254757057103,11.0319593528928,28.9254757057103,7
426,48,15,20337.0426458,1.95398514200693,FALSE,32.9628148006493,8.36926727559327,32.9628148006493,7
427,48,20,20391.7665562,1.95443632672377,FALSE,33.5516463779077,7.70099899480025,33.5516463779077,7
428,48,25,20440.6016898,1.94327608479758,FALSE,43.1661792185197,0.156246781015192,43.1661792185197,30
429,48,30,20489.9091492,1.95658730342101,FALSE,39.4151011055926,6.56552062727497,39.4151011055926,9
430,48,35,20530.692385,1.95508300571376,FALSE,42.124648784828,4.76696864224722,42.124648784828,9
431,48,40,20575.7315823,1.95764404463075,FALSE,30.4884617844603,9.36062801940412,30.4884617844603,6
432,48,45,20614.0970357,1.95727081172004,FALSE,30.1376465559052,9.59865591263839,30.1376465559052,6
433,49,5,20673.7942434,1.67247389421334,FALSE,18.7760300004339,11.3271144055436,18.7760300004339,5
434,49,10,20721.0373055,1.81498564235576,FALSE,15.9492574031851,11.8524147533524,15.9492574031851,1
435,49,15,20772.4401863,1.90124190489173,FALSE,12.7022895358184,8.84438466465755,12.7022895358184,1
436,49,20,20815.4426284,1.92525124182476,FALSE,22.0143387907069,7.89158207331572,22.0143387907069,1
437,49,25,20870.3846903,1.94081336159159,FALSE,15.3950469982773,8.43240722131276,15.3950469982773,1
438,49,30,20918.0407394,1.91733694590986,FALSE,31.6640903290911,9.2780595023558,31.6640903290911,1
439,49,35,20967.5705086,1.94804146569758,FALSE,21.5298717960703,10.4526725086537,21.5298717960703,1
440,49,40,21011.4225232,1.96084145779226,FALSE,15.1548346912308,8.94278433114091,15.1548346912308,1
441,49,45,21050.1213957,1.94697139459327,FALSE,29.0082396133866,8.39145978689023,29.0082396133866,7
442,50,5,21118.9265088,1.00830726072071,TRUE,3.49634915915801,3.3884528866675,3.49634915915801,1
443,50,10,21175.8662214,1.00578701641149,TRUE,2.70907917507236,3.26603599884956,2.70907917507236,1
444,50,15,21245.671007,1.00749699938562,TRUE,1.36504417953394,3.29801007755738,1.36504417953394,1
445,50,20,21309.9795113,1.0049403059454,TRUE,2.46118405221973,3.23690202678044,2.46118405221973,1
446,50,25,21362.1792088,1.00318805932665,TRUE,2.77303183515171,3.17273105304638,2.77303183515171,1
447,50,30,21431.9121602,1.00374411302659,TRUE,2.14703313218534,3.15757208129321,2.14703313218534,1
448,50,35,21499.9405377,1.0026199194829,TRUE,2.33493843329122,3.13339737761795,2.33493843329122,1
449,50,40,21556.8392613,1.0020169953522,TRUE,2.48966094776485,3.12422859245177,2.48966094776485,1
450,50,45,21626.9260953,1.00235244642789,TRUE,2.40140326326567,3.12633635914518,2.40140326326567,1
451,51,5,21675.1253973,0.999985554932686,TRUE,3.14739137434395,3.06988866066744,3.14739137434395,1
452,51,10,21741.9741063,0.994817029721767,TRUE,3.29530834435791,2.97127125191352,3.29530834435791,1
453,51,15,21797.9801114,1.00166033477314,TRUE,1.4445865801764,2.94855856440504,1.4445865801764,1
454,51,20,21868.1214669,0.995069593593886,TRUE,3.2102245145393,3.01109910369389,3.2102245145393,1
455,51,25,21926.4824003,0.998787133651511,TRUE,3.08919492140907,2.99754830474195,3.08919492140907,1
456,51,30,21996.8460913,0.99402345476914,TRUE,2.38423981429028,3.04751977095721,2.46515593988064,1
457,51,35,22065.9274105,0.998734096744152,TRUE,3.16146200418223,3.12547669981108,3.16146200418223,1
458,51,40,22114.5732817,0.985585491594045,TRUE,4.09456178283025,2.95705235363762,4.09456178283025,1
459,51,45,22185.4069599,0.999524545093671,TRUE,2.96223282843223,3.2385427276322,2.96223282843223,1
460,52,5,22233.591701,1.01011039434168,TRUE,0.619649194229768,3.4738582314442,1.66380102214311,0
461,52,10,22302.8999119,1.00666930495327,TRUE,2.30264996824127,3.31150143452064,2.30264996824127,0
462,52,15,22372.4028161,1.00643691790993,TRUE,2.02651221116259,3.28604567100522,2.02651221116259,0
463,52,20,22442.6213675,1.00495783220388,TRUE,2.49186340286076,3.22825887449266,2.49186340286076,0
464,52,25,22506.976291,1.00324792881895,TRUE,2.7942820339136,3.17855610646155,2.7942820339136,0
465,52,30,22577.4527075,1.00228137439361,TRUE,2.78158784601248,3.12973733431696,2.78158784601248,0
466,52,35,22646.6512702,1.00199674248309,TRUE,2.74534936388321,3.12405878571839,2.74534936388321,0
467,52,40,22716.9449437,1.00265691954099,TRUE,2.08201845886994,3.13152074138217,2.08201845886994,0
468,52,45,22749.7169026,1.00083714256745,TRUE,2.97204128842672,3.07319577987811,2.97204128842672,0
469,53,5,22785.4201752,0.986503210764438,TRUE,4.08870529542168,3.04581202773393,4.08870529542168,1
470,53,10,22844.1478607,0.995938744796587,TRUE,3.38861650041143,3.01632820377747,3.38861650041143,1
471,53,15,22880.5313742,0.999207900067223,TRUE,2.97469356377684,2.94458765904302,2.97469356377684,1
472,53,20,22950.8254882,0.993309908403672,TRUE,3.09384097889325,2.95278359777559,3.09384097889325,1
473,53,25,23021.4229994,0.991261205834572,TRUE,2.45078320398398,2.97841004854547,2.55317853743099,1
474,53,30,23092.0712987,0.996624952718064,TRUE,2.76020737523688,3.09395540096851,2.76020737523688,1
475,53,35,23162.9823913,1.00134566010506,TRUE,0.982871613829145,3.17018275650611,1.55853992689343,1
476,53,40,23233.4845974,0.998170779842459,TRUE,3.28091930913431,3.06862040243324,3.28091930913431,1
477,53,45,23304.3351981,1.00425985419991,TRUE,2.84598591614173,3.21322715595088,2.84598591614173,1
478,54,5,23341.3147573,1.67228245932135,FALSE,18.788819620832,11.330755750218,18.788819620832,5
479,54,10,23392.0968431,1.81498258038293,FALSE,15.9477757470351,11.8505074242114,15.9477757470351,1
480,54,15,23433.8554933,1.90119205865487,FALSE,12.806801595542,8.85182971158251,12.806801595542,1
481,54,20,23473.0571283,1.91540692780028,FALSE,26.6663841843813,10.6194926242326,26.6663841843813,1
482,54,25,23516.58808,1.94209459552952,FALSE,12.0369881359518,8.32750241946611,12.0369881359518,1
483,54,30,23558.7706917,1.94438022131887,FALSE,12.7952239960686,8.556371060767,12.7952239960686,1
484,54,35,23600.9101192,1.95197864398252,FALSE,17.2738402668507,9.20427958668152,17.2738402668507,1
485,54,40,23651.4422936,1.94853119855136,FALSE,23.1713256126261,8.13530476579145,23.1713256126261,5
486,54,45,23690.2156204,1.96498835831718,FALSE,16.9262049032653,9.53631475437382,16.9262049032653,1
487,55,5,23760.0786654,1.00767739802137,TRUE,3.26074387198022,3.37738730542353,3.26074387198022,1
488,55,10,23830.1459102,1.00743457268214,TRUE,2.4030622176849,3.31857832403521,2.4030622176849,1
489,55,15,23899.6662405,1.00653795395426,TRUE,2.20128333468677,3.29666474181082,2.20128333468677,1
490,55,20,23959.2292964,1.00463273102956,TRUE,2.75565857758728,3.24902413357593,2.75565857758728,1
491,55,25,24013.3633231,1.00314189715904,TRUE,2.75383742676169,3.16929032449863,2.75383742676169,1
492,55,30,24081.0248185,1.00319114479959,TRUE,2.25340396250837,3.15433914878527,2.25340396250837,1
493,55,35,24151.0013826,1.00233705903846,TRUE,2.56805433415464,3.12853860169242,2.56805433415464,1
494,55,40,24221.1646784,1.0030310320951,TRUE,1.85934160790451,3.12074965567464,1.85934160790451,1
495,55,45,24291.55125,1.00310323646473,TRUE,1.5884053738858,3.10695269993252,1.5884053738858,1
496,56,5,24360.737551,1.0015993942747,TRUE,1.97468770250853,3.0966666917634,1.97468770250853,1
497,56,10,24415.9351993,0.99202685741796,TRUE,2.46619130516769,2.81136326205858,2.48176946623466,1
498,56,15,24485.7613561,0.998689266022431,TRUE,2.69672736204238,2.99513036956171,2.69672736204238,1
499,56,20,24539.7279232,0.99899266757498,TRUE,3.02544290465064,2.96030040678788,3.02544290465064,1
500,56,25,24610.1203117,1.00012593607463,TRUE,2.82934863706575,2.95377276203103,2.82934863706575,1
501,56,30,24680.4939199,0.996140477191656,TRUE,2.08125445648639,3.10361305185023,2.16294375139054,1
502,56,35,24751.0882885,0.993032358560004,TRUE,2.77201558211491,3.13581092022816,2.77733313154044,1
503,56,40,24811.609016,0.993575026751986,TRUE,3.5107222680195,3.16488035547592,3.5107222680195,1
504,56,45,24881.9005179,0.995431153920654,TRUE,3.45364989584097,3.10824404991889,3.45364989584097,1
505,57,5,24951.2934155,1.01040863532754,TRUE,0.379700740136567,3.482874627096,1.80860340303193,0
506,57,10,25021.0666182,1.00603429403649,TRUE,2.64327968766494,3.31372079081237,2.64327968766494,0
507,57,15,25070.399018,1.0052129575905,TRUE,2.75433114661111,3.26453354358889,2.75433114661111,0
508,57,20,25140.8530725,1.00611181712804,TRUE,2.12278938078181,3.26471695431609,2.12278938078181,0
509,57,25,25176.6255987,1.00323453102691,TRUE,2.7740459153744,3.17400411697259,2.7740459153744,0
510,57,30,25229.9625761,1.00472506581037,TRUE,1.21227571336573,3.16485498923199,1.21227571336573,0
511,57,35,25300.7038097,1.00266556994186,TRUE,2.34291382240127,3.13652071612115,2.34291382240127,0
512,57,40,25335.9091021,1.00173447647419,TRUE,2.92051491009723,3.1248181666453,2.92051491009723,0
513,57,45,25377.4759718,1.00096883565405,TRUE,2.90420018272074,3.09917591912608,2.90420018272074,0
514,58,5,25419.2260003,0.991432418612011,TRUE,3.93884424345445,3.14361725208968,3.93884424345445,1
515,58,10,25489.0306172,0.996407263010451,TRUE,3.42538335350233,3.06787364271297,3.42538335350233,1
516,58,15,25559.2157871,0.997879611183324,TRUE,3.14935598481105,3.02274314109168,3.14935598481105,1
517,58,20,25629.9574472,0.996295807231591,TRUE,1.75160457063954,3.0099478810833,1.93008753551212,1
518,58,25,25700.6805654,0.99832746230176,TRUE,3.10978450842144,2.9789855924048,3.10978450842144,1
519,58,30,25771.776772,1.00031620824378,TRUE,2.12635044678509,3.05980557759281,2.12635044678509,1
520,58,35,25842.8229895,0.986393599049493,TRUE,3.40488219226998,3.08131861860684,3.40488219226998,1
521,58,40,25913.5668531,1.00167799920693,TRUE,2.70692590484289,3.14793194918321,2.70692590484289,1
522,58,45,25984.2856441,1.00444318731294,TRUE,1.66881997599633,3.18533661363768,1.66881997599633,1
523,59,5,26036.1038527,1.67232802834818,FALSE,18.7860169245996,11.3286903448466,18.7860169245996,5
524,59,10,26081.3942186,1.81444626243646,FALSE,17.428443957559,11.7758709528389,17.428443957559,1
525,59,15,26139.0621352,1.90135159158281,FALSE,12.9016358842568,8.7966047187131,12.9016358842568,1
526,59,20,26187.3855856,1.93612008088735,FALSE,11.8265875170102,8.08595119199771,11.8265875170102,1
527,59,25,26225.2150907,1.92449729032704,FALSE,26.9283672008347,9.85228119127078,26.9283672008347,1
528,59,30,26280.323948,1.94328435045223,FALSE,15.856370521441,8.54630131656793,15.856370521441,1
529,59,35,26330.6963812,1.95389046339351,FALSE,12.6060839941282,8.49904437847252,12.6060839941282,1
530,59,40,26386.7289883,1.9551810425459,FALSE,22.6773689922331,9.77752909899582,22.6773689922331,1
531,59,45,26437.4676291,1.95834102291741,FALSE,25.3675678398256,11.4154539243888,25.3675678398256,1
532,60,5,26507.5142171,1.00769905499195,TRUE,2.26881899730624,3.43676513949753,2.26881899730624,1
533,60,10,26577.9081861,1.00623405647261,TRUE,2.49957759653939,3.30708973613359,2.49957759653939,1
534,60,15,26648.6302271,1.00439718751212,TRUE,2.93061200168225,3.09500773645601,2.93061200168225,1
535,60,20,26719.7467103,1.00647524005516,TRUE,2.93884079275329,3.28893054268256,2.93884079275329,1
536,60,25,26791.0303187,1.00326113438721,TRUE,2.77826478771037,3.17793442111556,2.77826478771037,1
537,60,30,26862.3919375,1.00286368372161,TRUE,2.44236003657547,3.13960859436597,2.44236003657547,1
538,60,35,26933.7732677,1.00237576910252,TRUE,2.9079478572575,3.14403802072092,2.9079478572575,1
539,60,40,27005.1691409,1.00252874377324,TRUE,2.28140332185403,3.12980279521646,2.28140332185403,1
540,60,45,27046.333627,1.00349642627846,TRUE,3.13268635831085,3.20501290320955,3.13268635831085,1
541,61,5,27116.4232136,0.999099700446747,TRUE,2.88726412755337,3.1736515150897,2.88726412755337,1
542,61,10,27176.2619569,0.99950152095613,TRUE,2.81351476584462,2.94656434181669,2.81351476584462,1
543,61,15,27247.0193419,0.999090701453874,TRUE,2.22978948246331,2.98232778632551,2.22978948246331,1
544,61,20,27318.0804244,0.999668926025951,TRUE,2.89082193014725,2.94930488605718,2.89082193014725,1
545,61,25,27354.8403102,0.994053598859962,TRUE,2.7043596329761,3.05274924853676,2.7043596329761,1
546,61,30,27426.3824411,0.988999913312749,TRUE,3.2994678194584,2.974348505734,3.2994678194584,1
547,61,35,27497.9710823,0.999860228570854,TRUE,3.02777218392626,3.08335262630715,3.02777218392626,1
548,61,40,27569.8996152,1.00029092281848,TRUE,2.73531172090184,3.20417620582937,2.73531172090184,1
549,61,45,27642.0881222,1.00132223376626,TRUE,2.24171006116966,3.18560984912837,2.24171006116966,1
550,62,5,27712.9651991,1.0074674639839,TRUE,2.46518285249708,3.4210904576888,2.46518285249708,0
551,62,10,27773.7886936,1.00644789821976,TRUE,3.02263482556529,3.2348146256067,3.02263482556529,0
552,62,15,27837.9822985,1.00584293950653,TRUE,2.77324444660836,3.28175150021037,2.77324444660836,0
553,62,20,27885.8227811,1.00461869456121,TRUE,2.72676135192004,3.23801848776683,2.72676135192004,0
554,62,25,27957.4486427,1.00454203385942,TRUE,1.90790909817152,3.17925382383582,1.90790909817152,0
555,62,30,28022.4644099,1.0039978221735,TRUE,1.54776868708017,3.10035368333146,1.54776868708017,0
556,62,35,28094.3154544,1.00413244156209,TRUE,1.41776553059148,3.15448320945567,1.41776553059148,0
557,62,40,28166.1361591,1.00262642668005,TRUE,2.12977186540063,3.13098890564924,2.12977186540063,0
558,62,45,28216.4770482,1.00097207463034,TRUE,2.90361182731049,3.09806424443401,2.90361182731049,0
559,63,5,28275.1929703,1.00031094343408,TRUE,2.92782752886668,3.05842697551809,2.92782752886668,1
560,63,10,28334.3604711,0.999464959803488,TRUE,2.8997593140367,2.94355015466498,2.8997593140367,1
561,63,15,28402.147495,0.995441740151562,TRUE,3.30335930667254,2.99227557101998,3.30335930667254,1
562,63,20,28473.6457761,1.00036872138495,TRUE,2.14747781672821,3.08206050207632,2.14747781672821,1
563,63,25,28545.6223749,1.00137111471719,TRUE,2.38549120952933,2.99382172278326,2.38549120952933,1
564,63,30,28617.5275125,0.993755688015323,TRUE,2.68518464637447,3.02971529215898,2.68522776302266,1
565,63,35,28689.3461472,1.00058837555628,TRUE,2.39834218714091,3.06099389149555,2.39834218714091,1
566,63,40,28761.3209674,0.994402338561021,TRUE,2.16447201585537,3.06814991593689,2.35189668501226,1
567,63,45,28837.0243095,1.00161754828947,TRUE,2.5968047741148,3.22573521513941,2.5968047741148,1
568,64,5,28901.9996104,1.67252291014382,FALSE,18.787662771963,11.3284453635662,18.787662771963,5
569,64,10,28959.1667086,1.8109096314023,FALSE,19.9639192324087,10.9613111923626,19.9639192324087,1
570,64,15,29016.5595189,1.8812709504038,FALSE,24.5603577023951,8.81310800100288,24.5603577023951,1
571,64,20,29074.8342353,1.9111829008386,FALSE,27.2487358371037,9.05836009893649,27.2487358371037,3
572,64,25,29121.2660398,1.93510941130162,FALSE,20.5222577502334,8.55361969984345,20.5222577502334,1
573,64,30,29167.0485351,1.94155748339206,FALSE,17.8957595110383,9.14803194151634,17.8957595110383,1
574,64,35,29211.8790812,1.93805411716874,FALSE,26.0364757823757,9.80938486344924,26.0364757823757,3
575,64,40,29270.2573734,1.95353816384418,FALSE,24.144866899179,10.1387941772942,24.144866899179,1
576,64,45,29322.3926864,1.92821909593211,FALSE,34.0560052463545,11.8773452157336,34.0560052463545,17
577,65,5,29398.5325006,1.0077510563855,TRUE,2.24351713806603,3.43623739183852,2.24351713806603,1
578,65,10,29476.7152139,1.00722233146949,TRUE,3.04642683956361,3.2998580514351,3.04642683956361,1
579,65,15,29555.1813964,1.00612915560848,TRUE,2.85029068651791,3.26613184248976,2.85029068651791,1
580,65,20,29633.6038533,1.00591660940118,TRUE,1.90398157709224,3.26353427100604,1.90398157709224,1
581,65,25,29696.3319319,1.00605360836102,TRUE,0.952094828259381,3.20754902127414,1.20258612059711,1
582,65,30,29773.6974842,1.00412811102499,TRUE,2.27059405418312,3.17481894695259,2.27059405418312,1
583,65,35,29851.0263286,1.00229299629436,TRUE,2.88754952893311,3.13716787179831,2.88754952893311,1
584,65,40,29929.4739491,1.00216148029866,TRUE,2.41391527628191,3.12432755353694,2.41391527628191,1
585,65,45,30014.022567,1.00145889549006,TRUE,2.95418124021091,3.11604401438986,2.95418124021091,1
586,66,5,30092.4273856,0.988489670276581,TRUE,3.81479882458919,3.22663536161505,3.81479882458919,1
587,66,10,30170.9458454,0.991297377891432,TRUE,2.5758355309992,3.01723506042022,2.64670792663971,1
588,66,15,30250.7419906,0.999874351221361,TRUE,2.87523067568512,2.94513730548882,2.87523067568512,1
589,66,20,30328.8467983,0.999329041749176,TRUE,2.62400800379428,3.00011139882818,2.62400800379428,1
590,66,25,30407.0443475,0.99462689229554,TRUE,3.46809697559881,3.12081864737348,3.46809697559881,1
591,66,30,30488.0587624,1.00126359007078,TRUE,2.37005073761519,3.01849505814005,2.37005073761519,1
592,66,35,30565.7051499,0.998949911468998,TRUE,3.13400126422322,3.13208927728427,3.13400126422322,1
593,66,40,30641.4107155,0.997675973528852,TRUE,1.75859535241977,3.26231935501129,2.06238543793428,1
594,66,45,30717.4628669,1.00377491910877,TRUE,1.95300631559128,3.20193925326986,1.95300631559128,1
595,67,5,30792.6540178,1.00555175685172,TRUE,2.36227103711219,3.23502150554769,2.37025807966721,0
596,67,10,30866.6614138,1.00657530903883,TRUE,2.80812056340479,3.31099467202064,2.80812056340479,0
597,67,15,30939.4152274,1.00582655348096,TRUE,2.42707878567285,3.28993898754461,2.42707878567285,0
598,67,20,30978.6408794,1.00448440657419,TRUE,2.7007355014868,3.23650756383399,2.7007355014868,0
599,67,25,31025.0479959,1.00314679919642,TRUE,2.75450917698324,3.16925550485027,2.75450917698324,0
600,67,30,31093.6714451,1.00225310835872,TRUE,2.80787274848221,3.13047948298588,2.80787274848221,0
601,67,35,31164.1589982,1.0056741110855,TRUE,0.405868822908502,3.17419901552532,1.48183163779748,0
602,67,40,31237.2672478,1.00229068688421,TRUE,2.9482541408529,3.12381304547047,2.9482541408529,0
603,67,45,31310.9295279,1.00136071179065,TRUE,2.75357157083197,3.10593349883528,2.75357157083197,0
604,68,5,31383.1480132,1.00018077991975,TRUE,2.73225552123123,3.1259900174899,2.73225552123123,1
605,68,10,31455.8271882,0.997510190549886,TRUE,3.11327096904703,3.02840583825999,3.11327096904703,1
606,68,15,31510.016931,0.997117675901801,TRUE,3.19054032336473,3.03190055045613,3.19054032336473,1
607,68,20,31583.3248401,0.985433447108955,TRUE,3.29963881883223,2.92834794258703,3.29963881883223,1
608,68,25,31644.8750581,0.996162739868432,TRUE,2.26863727012389,3.01295813171659,2.27734660781494,1
609,68,30,31718.7858916,1.00113643367358,TRUE,2.39747281836846,3.01917229771129,2.39747281836846,1
610,68,35,31792.505699,1.00070516523863,TRUE,2.93663160233169,3.06878896970761,2.93663160233169,1
611,68,40,31866.3246944,0.99879961632169,TRUE,2.40293794088353,3.22264002542794,2.40293794088353,1
612,68,45,31940.2415118,1.00142396115978,TRUE,3.19430992674557,3.26613465496774,3.19430992674557,1
613,69,5,31984.4576971,1.9373665353945,FALSE,39.8551808003789,10.3637792446524,39.8551808003789,10
614,69,10,32035.9964596,1.92897920504924,FALSE,28.4582477492799,12.3487707568785,28.4582477492799,18
615,69,15,32072.1169202,1.92359103106984,FALSE,33.8655324831469,13.7511704995071,33.8655324831469,18
616,69,20,32121.4135757,1.95133458197501,FALSE,31.8691814672975,8.24710967555543,31.8691814672975,6
617,69,25,32162.874956,1.91020825750844,FALSE,29.7860972079545,9.74065912182752,29.7860972079545,22
618,69,30,32213.6229558,1.95428290274933,FALSE,31.6161084004205,8.33978012914971,31.6161084004205,8
619,69,35,32250.4376989,1.93765262346606,FALSE,35.2315281575727,11.9692782361456,35.2315281575727,19
620,69,40,32292.7212054,1.96221213184965,FALSE,31.6708200505192,11.6885727401222,31.6708200505192,8
621,69,45,32340.4670392,1.94698881375266,FALSE,32.1070825538921,10.9453071015461,32.1070825538921,16
622,70,5,32387.3243007,1.928998932477,FALSE,31.0391637230427,7.18667104541715,31.0391637230427,26
623,70,10,32434.6596128,1.92304245115458,FALSE,34.3773639765171,7.25339898673929,34.3773639765171,22
624,70,15,32484.2844507,1.91114200318279,FALSE,33.1998240823181,10.9213065118163,33.1998240823181,26
625,70,20,32539.2193337,1.93686733645575,FALSE,38.9534544200617,9.24455375317127,38.9534544200617,20
626,70,25,32586.4569901,1.95086964786967,FALSE,37.5299732468895,7.13301371927624,37.5299732468895,8
627,70,30,32627.5389668,1.89732051932531,FALSE,32.325150223857,11.7968755898211,32.325150223857,22
628,70,35,32671.734462,1.9116440877335,FALSE,37.8103546147406,11.4486949577236,37.8103546147406,12
629,70,40,32720.4441614,1.89549944046259,FALSE,31.7394288275149,11.6103164985399,31.7394288275149,22
630,70,45,32756.6896869,1.94405759990626,FALSE,35.607080896787,11.5100574877763,35.607080896787,17
631,71,5,32802.5473185,1.88631337140312,FALSE,26.5219606569057,11.9045126722351,26.5219606569057,20
632,71,10,32850.7252327,1.94831784566846,FALSE,34.1383219895877,6.92475947496227,34.1383219895877,6
633,71,15,32903.7158155,1.95894134136975,FALSE,24.5683216278449,9.97265807991696,24.5683216278449,3
634,71,20,32957.2181009,1.95839509060033,FALSE,30.1614328568806,9.62165036471161,30.1614328568806,3
635,71,25,32998.9870592,1.95706231382244,FALSE,31.8556238746929,6.52387276206095,31.8556238746929,3
636,71,30,33041.0073796,1.95169038745815,FALSE,33.4212592691524,7.60297689257108,33.4212592691524,6
637,71,35,33088.4067466,1.94405815998597,FALSE,36.9522601312642,8.63693418671297,36.9522601312642,20
638,71,40,33137.1153942,1.88025712386425,FALSE,26.9001868169626,13.2597793338135,26.9001868169626,18
639,71,45,33177.7032028,1.88021900102254,FALSE,21.8726904573254,0.00120441559889584,21.8726904573254,30
640,72,5,33232.3274077,1.9363650053029,FALSE,32.5723650939591,9.95680777849774,32.5723650939591,18
641,72,10,33284.729117,1.94505312188719,FALSE,36.8151128451639,8.48151177913926,36.8151128451639,8
642,72,15,33334.6970889,1.91789121982118,FALSE,31.0563434869304,9.34056587999372,31.0563434869304,26
643,72,20,33380.0390266,1.87540454053065,FALSE,35.4272796183419,14.6868662321598,35.4272796183419,26
644,72,25,33428.2872715,1.92840917557618,FALSE,34.6059421007986,8.20152924655212,34.6059421007986,21
645,72,30,33476.6896829,1.9282433190303,FALSE,24.6216272859371,9.39670436172158,24.6216272859371,26
646,72,35,33517.6616804,1.94553381572188,FALSE,35.6831408312914,9.73059248763509,35.6831408312914,9
647,72,40,33562.7709312,1.90259703519893,FALSE,33.0396993874908,12.4134177907942,33.0396993874908,26
648,72,45,33605.1628348,1.96308166950673,FALSE,29.6933171629638,7.57775364628851,29.6933171629638,6
649,73,5,33646.3761394,1.58213092918903,FALSE,8.82735291447816,5.691723542896,8.82735291447816,1
650,73,10,33693.7680843,1.36797252727261,TRUE,5.89159098374801,5.28004253295269,5.89159098374801,1
651,73,15,33735.1849895,1.26960056043391,TRUE,4.01562267833923,5.14897426529881,4.01562267833923,1
652,73,20,33782.8184458,1.18836742368045,TRUE,6.71023600344514,8.53593713612135,6.71023600344514,0
653,73,25,33835.9394567,1.11388284890162,TRUE,5.32526524894849,6.74325255105537,5.32526524894849,0
654,73,30,33896.3938567,1.06764889265854,TRUE,5.18608314600004,5.63224014693862,5.18608314600004,0
655,73,35,33943.0616582,1.05519113806095,TRUE,3.74528750145338,5.03277387511433,3.74528750145338,0
656,73,40,33986.3430602,1.03553149307669,TRUE,4.18917946797133,4.56483338861947,4.18917946797133,0
657,73,45,34045.8982277,1.00988065244284,TRUE,5.03634409554806,3.88025025220765,5.03634409554806,0
658,74,5,34103.5315799,0.954624001472629,TRUE,5.5497829457358,3.14051981813955,5.5497829457358,1
659,74,10,34156.7857069,0.985956127704618,TRUE,5.04152927400093,2.48076566759143,5.04152927400093,1
660,74,15,34231.1671537,0.979980917532548,TRUE,4.96457492261947,2.43684726101736,4.96457492261947,1
661,74,20,34305.5769679,0.979327506464858,TRUE,4.42306403563113,2.56571413232379,4.42306403563113,1
662,74,25,34380.1967604,0.980195860680244,TRUE,3.19539914287289,2.39409180103332,3.21303889905508,1
663,74,30,34455.4216003,0.990515246947574,TRUE,3.75569566099263,2.08919470119494,3.75569566099263,1
664,74,35,34500.3567704,0.976896167795098,TRUE,4.47689238604727,2.30971000675137,4.47689238604727,1
665,74,40,34575.3428719,0.977151541276778,TRUE,3.54520405244553,2.41124643581465,3.54520405244553,1
666,74,45,34650.1023341,0.971095572322872,TRUE,4.15191760990306,2.04075137264858,4.15191760990306,1
667,75,5,34695.9587851,1.57984628184363,FALSE,10.0338429126583,5.40390873270751,10.0338429126583,2
668,75,10,34754.9122382,1.37233379534949,TRUE,4.18758929175788,5.06046513522318,4.18758929175788,2
669,75,15,34813.5338902,1.26964623755722,TRUE,4.01576931782274,5.15003326268175,4.01576931782274,2
670,75,20,34860.3799768,1.19598370043079,TRUE,4.99217074710138,8.64551491313388,4.99217074710138,1
671,75,25,34898.7273953,1.11486033723998,TRUE,5.18093265611254,6.81414344870436,5.18093265611254,1
672,75,30,34953.8701243,1.07152417157951,TRUE,4.68527718638276,5.68717234716319,4.68527718638276,1
673,75,35,35002.822306,1.05488226252192,TRUE,3.89101888354787,5.04891474831415,3.89101888354787,1
674,75,40,35068.0245433,1.03798309027042,TRUE,3.64462602554869,4.48142456740741,3.64462602554869,1
675,75,45,35134.5249228,1.01917779429255,TRUE,4.2824004142339,4.06522591434696,4.2824004142339,1
676,76,5,35202.5213925,0.954047893103353,TRUE,5.59592376840882,3.19055493715291,5.59592376840882,1
677,76,10,35276.6664108,0.985000574167409,TRUE,5.13544690911913,2.53922248788028,5.13544690911913,1
678,76,15,35317.7468445,0.974381269075078,TRUE,5.28977656418388,2.45656319625654,5.28977656418388,1
679,76,20,35369.0769003,0.976630241762623,TRUE,4.86777387212861,2.48442076709356,4.86777387212861,1
680,76,25,35435.5917181,0.954927446901363,TRUE,5.56826197750819,2.06994724397569,5.56826197750819,1
681,76,30,35500.5332643,0.985292762440664,TRUE,2.78125321406304,2.34021984446983,2.82569952754691,1
682,76,35,35563.7568269,0.972479850253941,TRUE,4.78552437595486,2.04950181678081,4.78552437595486,1
683,76,40,35621.9863034,0.991819615698468,TRUE,3.1059033442021,1.90675686418256,3.1059033442021,1
684,76,45,35680.8222903,0.989381643636564,TRUE,3.50566212239689,2.09261365408784,3.50566212239689,1
685,77,5,35733.9210491,1.68814468958746,FALSE,12.3998585329466,7.24618872789374,12.3998585329466,4
686,77,10,35774.7437808,1.84018217410369,FALSE,33.4374473752441,11.1318002603434,33.4374473752441,3
687,77,15,35818.0215284,1.94163369887839,FALSE,26.6743713079938,10.5562354732336,26.6743713079938,8
688,77,20,35856.0154353,1.95384874546997,FALSE,33.4151867095373,12.4147360022916,33.4151867095373,15
689,77,25,35894.5924837,1.95295879167566,FALSE,30.510394851331,12.5377638855908,30.510394851331,8
690,77,30,35944.9410192,1.84428068613012,FALSE,32.6932006734947,11.7118516695578,32.6932006734947,20
691,77,35,35997.0521543,1.91893593848509,FALSE,36.1819766096303,12.2014502643375,36.1819766096303,4
692,77,40,36041.204771,1.89683093150724,FALSE,30.5166146584342,15.1816575039751,30.5166146584342,22
693,77,45,36094.348446,1.94792038174404,FALSE,29.6334698155262,15.2580823027034,29.6334698155262,18
694,78,5,36151.631945,1.56722723372194,FALSE,11.9725148106031,5.35758723736296,11.9725148106031,1
695,78,10,36187.9552019,1.37232376328824,TRUE,4.18246104228825,5.06041746291098,4.18246104228825,1
696,78,15,36242.036493,1.26964753702481,TRUE,4.01843975644528,5.15022315974242,4.01843975644528,1
697,78,20,36289.1711337,1.19205755373392,TRUE,6.22334879905735,8.63839208872346,6.22334879905735,0
698,78,25,36345.1977225,1.1176856628148,TRUE,4.24156119142172,6.75586832923534,4.24156119142172,0
699,78,30,36397.4441209,1.05893624608431,TRUE,5.83746003886294,5.54420492064011,5.83746003886294,0
700,78,35,36461.7422061,1.05451842360137,TRUE,4.02498426870065,5.10680380347001,4.02498426870065,0
701,78,40,36520.8497829,1.03813513926442,TRUE,3.54761280850048,4.44209188854906,3.54761280850048,0
702,78,45,36594.1183839,1.0182319080965,TRUE,4.38393581989936,4.01998409102142,4.38393581989936,0
703,79,5,36653.6093746,0.95538770164596,TRUE,5.40292077854165,3.25648544768679,5.40292077854165,1
704,79,10,36728.4689539,0.981165693464299,TRUE,3.91884643107076,2.652850016104,3.91884643107076,1
705,79,15,36766.5588795,0.969755364703877,TRUE,5.63272875113841,2.35025483314404,5.63272875113841,1
706,79,20,36842.1157834,0.982110364881467,TRUE,4.71868742275708,2.34839589621006,4.71868742275708,1
707,79,25,36913.0358913,0.995081085453722,TRUE,2.16900028073156,2.1393530606217,2.20683920084683,1
708,79,30,36972.1174789,0.983165172130794,TRUE,4.14397714851405,2.18525924062618,4.14397714851405,1
709,79,35,37028.044964,0.965067493212644,TRUE,5.1957784806254,2.12796501279076,5.1957784806254,1
710,79,40,37104.3947202,0.978682634297279,TRUE,3.93747134601884,2.15534603189475,3.93747134601884,1
711,79,45,37180.627403,0.957880740375379,TRUE,4.13177718262095,2.24731660562119,4.13177718262095,1
712,80,5,37229.7841769,1.58182789723604,FALSE,9.03491496875301,5.88779628965607,9.03491496875301,2
713,80,10,37284.4794133,1.37231265681647,TRUE,4.30874559423323,5.0809844344589,4.30874559423323,2
714,80,15,37346.2640744,1.26826726389417,TRUE,4.80685517999266,5.25470391397385,4.80685517999266,2
715,80,20,37394.1422367,1.18855696834513,TRUE,6.70787877994902,8.58140126208389,6.70787877994902,1
716,80,25,37450.2714163,1.11642362602995,TRUE,4.87353478862997,6.8129810783165,4.87353478862997,1
717,80,30,37504.141035,1.06367576167527,TRUE,5.52992769399091,5.66019785681868,5.52992769399091,1
718,80,35,37550.7996618,1.05249152933933,TRUE,4.44596117458844,5.10919046695709,4.44596117458844,1
719,80,40,37609.7885612,1.03583325891845,TRUE,4.13484662537251,4.57131071933962,4.13484662537251,1
720,80,45,37660.2269137,1.02333865219791,TRUE,3.48223991109525,3.93303325194617,3.48223991109525,1
721,81,5,37719.8157383,0.953305797590275,TRUE,5.62293209615177,3.08133278260293,5.62293209615177,1
722,81,10,37795.5338367,0.961633340402384,TRUE,6.16369654550003,2.53190992607746,6.16369654550003,1
723,81,15,37871.3360515,0.964110239086196,TRUE,3.94496646549473,2.86650685305169,3.94944415713155,1
724,81,20,37924.9014777,0.97218786467117,TRUE,5.17104135591049,2.3676639137237,5.17104135591049,1
725,81,25,38001.3171398,0.978391325681493,TRUE,4.2464652678466,2.39881199977255,4.2464652678466,1
726,81,30,38050.1394216,0.979889733676013,TRUE,4.49162284365589,2.20817297723725,4.49162284365589,1
727,81,35,38089.725066,0.991992841775042,TRUE,3.59634313192129,1.94587627796102,3.59634313192129,1
728,81,40,38131.9248185,0.986473405831635,TRUE,4.05685398745871,1.96933231476945,4.05685398745871,1
729,81,45,38202.0143476,0.98055540625727,TRUE,3.44073186545446,2.06964819378617,3.44073186545446,1
730,82,5,38258.4918024,1.68809978462345,FALSE,12.3947557606557,7.24639907673915,12.3947557606557,4
731,82,10,38303.8634534,1.88325299395524,FALSE,23.695255155691,10.8432011095185,23.695255155691,2
732,82,15,38358.0375648,1.91190134308299,FALSE,29.7581871541864,12.7856457647338,29.7581871541864,18
733,82,20,38413.7781777,1.93315445995039,FALSE,27.1849833143506,13.1748665211886,27.1849833143506,22
734,82,25,38467.1441464,1.90473413049337,FALSE,24.3220818390528,10.0815968776584,24.3220818390528,26
735,82,30,38521.4659087,1.93458802736129,FALSE,30.0303779362908,14.01128706832,30.0303779362908,18
736,82,35,38574.3230863,1.8920160315091,FALSE,26.0242876496431,9.47565925490572,26.0242876496431,24
737,82,40,38623.8810064,1.88812565867603,FALSE,26.6404412022105,9.82015825408961,26.6404412022105,24
738,82,45,38671.8185369,1.91038980415601,FALSE,23.6834001312018,9.96541859550352,23.6834001312018,26
739,83,5,38712.9385658,1.58202679800428,FALSE,8.82680794203374,5.69180449298682,8.82680794203374,1
740,83,10,38768.0686147,1.37234539447301,TRUE,4.18465009299937,5.06066994916141,4.18465009299937,1
741,83,15,38822.4096787,1.26963960623242,TRUE,4.01653683560672,5.14967773332714,4.01653683560672,1
742,83,20,38882.9027718,1.18645507542663,TRUE,6.93989805583017,8.52990167012895,6.93989805583017,0
743,83,25,38940.8445522,1.11458366135252,TRUE,5.24551880687374,6.80724279323291,5.24551880687374,0
744,83,30,39001.6037532,1.06239168469895,TRUE,5.64336818476946,5.51729285303397,5.64336818476946,0
745,83,35,39070.5907937,1.04260791717381,TRUE,5.43638161365889,4.95492351406311,5.43638161365889,0
746,83,40,39127.2783724,1.03749524084876,TRUE,3.80042813898245,4.5121216717163,3.80042813898245,0
747,83,45,39199.3924487,1.01861996814201,TRUE,4.31833230889461,4.02499167662467,4.31833230889461,0
748,84,5,39239.4171692,0.94213636104424,TRUE,6.2516352389537,3.19176364069798,6.2516352389537,1
749,84,10,39315.7737403,0.990562703143604,TRUE,4.24442683585108,2.52547448054423,4.24442683585108,1
750,84,15,39369.4499125,0.970236610903771,TRUE,5.38525622092827,2.30906555817653,5.38525622092827,1
751,84,20,39446.1289905,0.958354516039658,TRUE,5.77653731167711,2.24237089144942,5.77653731167711,1
752,84,25,39483.6914116,0.970181319959476,TRUE,5.15522739792524,2.16869253285081,5.15522739792524,1
753,84,30,39542.0670703,0.967321877668705,TRUE,5.18693238932032,2.07847183216909,5.18693238932032,1
754,84,35,39619.3736393,0.969555682754644,TRUE,4.81053075888093,2.19125317103089,4.81053075888093,1
755,84,40,39695.4110763,0.978133010313935,TRUE,4.52830842800124,2.08799075560787,4.52830842800124,1
756,84,45,39745.8296221,0.959888625720945,TRUE,4.58850915445447,2.19051290749015,4.58850915445447,1
757,85,5,39796.7224847,1.5820200261232,FALSE,9.08615353826725,5.61852556164531,9.08615353826725,2
758,85,10,39844.9803942,1.37174731848891,TRUE,4.81764577717027,5.15234265637939,4.81764577717027,2
759,85,15,39897.2689578,1.26964767418876,TRUE,4.01769691277931,5.14973042123026,4.01769691277931,2
760,85,20,39936.6692688,1.19597797026968,TRUE,4.99431207017109,8.64504157810037,4.99431207017109,1
761,85,25,39985.1405068,1.11364466438776,TRUE,5.38764815754306,6.79885784246708,5.38764815754306,1
762,85,30,40028.2938347,1.07439382667587,TRUE,3.76334092429642,5.5722445664469,3.76334092429642,1
763,85,35,40105.9129569,1.0510467282571,TRUE,4.61552262252433,5.0508118511785,4.61552262252433,1
764,85,40,40165.9207274,1.03833413135927,TRUE,3.41984379401202,4.42599695024112,3.41984379401202,1
765,85,45,40234.3196197,1.0184247943104,TRUE,4.35131369049479,4.06257876206002,4.35131369049479,1
766,86,5,40296.6882369,0.944127306442957,TRUE,6.15135905428195,3.19398027864666,6.15135905428195,1
767,86,10,40347.5287505,0.994847284869261,TRUE,3.83716896689165,2.44598688754579,3.83716896689165,1
768,86,15,40422.3236385,0.976706003234765,TRUE,4.99488527376498,2.62661422633396,4.99488527376498,1
769,86,20,40466.1566565,0.990909187739925,TRUE,4.12738227045249,2.19034506314991,4.12738227045249,1
770,86,25,40504.942315,0.974516195144501,TRUE,4.96042372769817,2.15400227048815,4.96042372769817,1
771,86,30,40553.2413038,0.96513256528857,TRUE,5.12892077633865,2.09457859244054,5.12892077633865,1
772,86,35,40631.0918306,0.971934432675957,TRUE,4.16357682995127,2.14887897610699,4.16357682995127,1
773,86,40,40701.477021,0.968380342397313,TRUE,4.73892504800146,2.01747051085698,4.73892504800146,1
774,86,45,40779.6613776,0.976630316773511,TRUE,2.308347886798,2.27494594332157,2.55908186775814,1
775,87,5,40821.7081971,1.68863235713154,FALSE,12.3957445216773,7.24802483894004,12.3957445216773,4
776,87,10,40876.8647562,1.86922825278578,FALSE,27.6941940132307,12.0928818404406,27.6941940132307,2
777,87,15,40927.1101034,1.92128229295482,FALSE,32.0594777126822,13.1918804398731,32.0594777126822,14
778,87,20,40980.3632274,1.87904211157891,FALSE,22.8786378600036,7.88047425338073,22.8786378600036,22
779,87,25,41034.0086238,1.92045131808557,FALSE,28.6543902393978,11.6182254000384,28.6543902393978,7
780,87,30,41078.1392771,1.89920800476712,FALSE,33.966699780012,15.5359778464716,33.966699780012,20
781,87,35,41130.724217,1.92668173759171,FALSE,30.2099763263628,13.9755391483017,30.2099763263628,22
782,87,40,41184.0720417,1.96800923298007,FALSE,28.6526770352939,13.3161842800469,28.6526770352939,10
783,87,45,41235.7713035,1.92985861372884,FALSE,34.6464414101659,12.5830332860883,34.6464414101659,8
784,88,5,41298.3656952,1.44854880991442,TRUE,9.47480580104348,10.7974068130628,9.47480580104348,1
785,88,10,41342.0109018,1.34764259117411,TRUE,5.48508363899455,6.70623304937058,5.48508363899455,1
786,88,15,41400.6565651,1.26453245955103,TRUE,5.09647308365646,5.52499154938399,5.09647308365646,1
787,88,20,41458.017562,1.19585396842167,TRUE,5.07853508883444,8.62718670871534,5.07853508883444,0
788,88,25,41502.1754236,1.11740076337036,TRUE,4.48841090112293,6.78436897764476,4.48841090112293,0
789,88,30,41552.3335511,1.07182269175175,TRUE,4.59941204975006,5.66554847852717,4.59941204975006,0
790,88,35,41603.9240196,1.05293511007199,TRUE,4.36675964981006,5.08643022492283,4.36675964981006,0
791,88,40,41650.2710355,1.03687640826318,TRUE,3.88723676077309,4.47990027371505,3.88723676077309,0
792,88,45,41726.0584203,1.02278791324907,TRUE,3.74884954249022,3.9908949264798,3.74884954249022,0
793,89,5,41803.6533902,0.944657852383257,TRUE,6.02249098825827,3.20149043687253,6.02249098825827,1
794,89,10,41868.0178492,0.975564882436627,TRUE,5.50931411573589,2.39563277907648,5.50931411573589,1
795,89,15,41919.06399,0.989691460656046,TRUE,3.89605093968923,2.20035272486823,3.89605093968923,1
796,89,20,41997.8312874,0.984714021380373,TRUE,4.335642359439,2.32247082994643,4.335642359439,1
797,89,25,42072.622307,0.971889082227425,TRUE,4.9455087870754,2.15082824224781,4.9455087870754,1
798,89,30,42151.3614324,0.967097979126399,TRUE,3.88383769947074,2.17777076704531,3.88383769947074,1
799,89,35,42229.745215,0.979613301719147,TRUE,3.80839333120779,2.17484492599613,3.80839333120779,1
800,89,40,42288.8060728,0.985336682062955,TRUE,4.11283592048477,2.04317215844947,4.11283592048477,1
801,89,45,42335.0784059,0.963497216002427,TRUE,5.10932757935668,2.1102221679955,5.10932757935668,1
802,90,5,42395.5916956,1.44862779760147,TRUE,9.47386372474647,10.7991143816187,9.47386372474647,2
803,90,10,42443.4676851,1.34545154889828,TRUE,6.56143562232822,6.55763733899273,6.56143562232822,2
804,90,15,42487.8375428,1.26521417401446,TRUE,4.56503776857139,5.57980836949506,4.56503776857139,2
805,90,20,42550.9702793,1.19587459639233,TRUE,5.07982111666117,8.62820476501031,5.07982111666117,1
806,90,25,42604.7503122,1.11766280433159,TRUE,4.24115257971741,6.75509023358537,4.24115257971741,1
807,90,30,42659.1848666,1.07209282688798,TRUE,4.58064024127119,5.69065245732049,4.58064024127119,1
808,90,35,42728.1839804,1.05494461334576,TRUE,3.88426761512991,5.06187237597746,3.88426761512991,1
809,90,40,42780.9127568,1.03758885253729,TRUE,3.77292328396714,4.50597084642257,3.77292328396714,1
810,90,45,42859.8914116,1.02334687359822,TRUE,3.47270771711561,3.93116359091875,3.47270771711561,1
811,91,5,42922.6909682,0.962004960362407,TRUE,4.80411118305717,3.05981813682214,4.80411118305717,1
812,91,10,43000.6968439,0.973678461098979,TRUE,5.45005609981005,2.6053934093424,5.45005609981005,1
813,91,15,43079.2986479,0.981840666214658,TRUE,4.78905020032587,2.47556607938899,4.78905020032587,1
814,91,20,43157.8377531,0.990366961568619,TRUE,3.37036811157432,2.31382530554949,3.37036811157432,1
815,91,25,43206.7423479,0.991072530724827,TRUE,3.17485392730128,2.14771223940007,3.17485392730128,1
816,91,30,43256.2012818,0.995350357520895,TRUE,1.81035423767161,2.04297686865271,1.85150241592933,1
817,91,35,43335.3471921,0.975812842571405,TRUE,3.24589265782612,2.31349038545238,3.27163310405934,1
818,91,40,43414.7927138,0.980626476482395,TRUE,4.29686170284112,2.20190482172437,4.29686170284112,1
819,91,45,43471.1779934,0.993998226522534,TRUE,2.87217013907336,1.79199759561844,2.87217013907336,1
820,92,5,43511.990645,1.68865288107035,FALSE,12.3964790925254,7.24791532025967,12.3964790925254,4
821,92,10,43556.5279959,1.90952193034952,FALSE,10.6896272153582,8.39715995825148,10.6896272153582,2
822,92,15,43613.4717485,1.88771949998754,FALSE,26.5522520184353,8.76103842522027,26.5522520184353,22
823,92,20,43668.1105418,1.92101309850074,FALSE,31.1904523668885,13.8107552419041,31.1904523668885,19
824,92,25,43721.3738102,1.92301789239108,FALSE,29.2245632546703,14.0661700641099,29.2245632546703,22
825,92,30,43774.5342751,1.96133897479733,FALSE,30.050472855637,13.9305848379644,30.050472855637,16
826,92,35,43831.8486062,1.90225561556913,FALSE,30.5818420742311,11.877166982655,30.5818420742311,20
827,92,40,43884.7938623,1.91858064050918,FALSE,30.363536310706,15.1437017540726,30.363536310706,22
828,92,45,43924.4899356,1.93967254396881,FALSE,33.6598249101986,14.3207005508858,33.6598249101986,15
829,93,5,43968.6698955,1.88038044193757,FALSE,24.1679991780095,10.0157337589957,24.1679991780095,26
830,93,10,44009.5331268,1.90172070534079,FALSE,33.1021556185905,13.7095215733943,33.1021556185905,18
831,93,15,44049.8703659,1.93712737816737,FALSE,30.940121490264,14.573545561036,30.940121490264,8
832,93,20,44096.2816447,1.85743980718093,FALSE,32.8198194256186,13.0147276987524,32.8198194256186,18
833,93,25,44146.4861596,1.89016947123802,FALSE,35.7152193448715,8.86851857337758,35.7152193448715,7
834,93,30,44198.9916892,1.86777134119182,FALSE,32.7400042263739,8.43630802158905,32.7400042263739,3
835,93,35,44244.8238726,1.82350039605404,FALSE,39.2477150173908,5.76867899490248,39.2477150173908,14
836,93,40,44287.7037733,1.83811075943151,FALSE,32.5557753547298,8.17894654756749,32.5557753547298,7
837,93,45,44344.2617728,1.82022101708869,FALSE,30.9301435956293,5.07167905174686,30.9301435956293,8
838,94,5,44400.3947705,1.91868193981351,FALSE,27.755524924323,15.1536617797335,27.755524924323,14
839,94,10,44446.0489272,1.94191479679281,FALSE,25.3843039450843,13.1420009207796,25.3843039450843,8
840,94,15,44499.9133794,1.91990500550106,FALSE,28.8289751837434,13.3658337834655,28.8289751837434,20
841,94,20,44553.0698896,1.812705982488,FALSE,33.509822406639,12.360169713688,33.509822406639,22
842,94,25,44605.8839588,1.83927906466952,FALSE,28.2044809167199,0.096233346554605,28.2044809167199,30
843,94,30,44668.6035634,1.86404355717086,FALSE,32.7835388394288,7.6602293754888,32.7835388394288,6
844,94,35,44723.9297725,1.84501423923668,FALSE,34.9398774572486,7.0955083974116,34.9398774572486,10
845,94,40,44771.2137637,1.8385779594599,FALSE,32.6541058493677,7.65350433135805,32.6541058493677,7
846,94,45,44836.7829251,1.82908768764547,FALSE,27.7035687136686,8.56903304533124,27.7035687136686,5
847,95,5,44877.8019119,1.91287484538483,FALSE,28.4932688350467,15.4500185369025,28.4932688350467,17
848,95,10,44932.7309529,1.88620360357516,FALSE,23.5952085878239,9.95494300341721,23.5952085878239,26
849,95,15,44989.5100147,1.91243339403161,FALSE,27.0772523664274,13.227614388219,27.0772523664274,22
850,95,20,45049.2317213,1.89090903503483,FALSE,32.3936445239993,12.3383744293822,32.3936445239993,21
851,95,25,45108.876431,1.86598591830977,FALSE,37.8184185676452,7.70320433191507,37.8184185676452,18
852,95,30,45163.7801622,1.8480812633569,FALSE,33.4953745038555,4.61717216981691,33.4953745038555,12
853,95,35,45225.5940471,1.8695398454026,FALSE,20.7733485395084,9.77131394209308,20.7733485395084,3
854,95,40,45287.9507187,1.84446378014445,FALSE,30.2488469155502,7.52243074283544,30.2488469155502,5
855,95,45,45351.1070284,1.79445903804664,FALSE,39.0339590601067,5.00342512812706,39.0339590601067,14
856,96,5,45403.0842884,1.89054689477829,FALSE,31.9624236562962,16.1872371146144,31.9624236562962,21
857,96,10,45446.6652267,1.8459108385509,FALSE,27.368108322041,13.0024680363664,27.368108322041,24
858,96,15,45497.5980224,1.95740324054199,FALSE,18.4417824139581,8.65045624403374,18.4417824139581,3
859,96,20,45551.6066558,1.75870576119858,FALSE,29.1890139258928,15.0548490222486,29.1890139258928,18
860,96,25,45614.0718737,1.87083400411588,FALSE,36.3894154868786,8.36469848775472,36.3894154868786,17
861,96,30,45675.4765953,1.8503549587672,FALSE,35.3942470114247,6.05547953084948,35.3942470114247,11
862,96,35,45738.9550541,1.84683894295517,FALSE,32.8160184011934,7.41676939814381,32.8160184011934,10
863,96,40,45797.8847346,1.81630305169212,FALSE,36.8544110771113,4.81086909497384,36.8544110771113,14
864,96,45,45858.9212265,1.82639337438824,FALSE,29.0501196527971,8.86053267406087,29.0501196527971,5
865,97,5,45909.7572722,1.87284691542079,FALSE,27.3655910409338,13.4514043398372,27.3655910409338,8
866,97,10,45960.9017648,1.88097261933182,FALSE,28.4789029171362,13.6087746744133,28.4789029171362,7
867,97,15,46004.5808362,1.88671703902104,FALSE,37.725816078438,10.7199182034005,37.725816078438,14
868,97,20,46056.7044752,1.89936354617877,FALSE,33.6778182101205,7.55022068028877,33.6778182101205,12
869,97,25,46115.109962,1.88001958079663,FALSE,27.7744197891162,11.3723139527976,27.7744197891162,27
870,97,30,46174.8410069,1.88982290496995,FALSE,31.1015926276845,15.1162054298387,31.1015926276845,23
871,97,35,46224.5910854,1.87012054713207,FALSE,32.7341743943618,11.6144504897171,32.7341743943618,25
872,97,40,46276.4264671,1.90655069058096,FALSE,33.257116255041,12.6857056469222,33.257116255041,6
873,97,45,46331.7249611,1.87045353556621,FALSE,33.8766472646689,11.5377722193036,33.8766472646689,23
874,98,5,46383.0090904,1.05250999062388,TRUE,1.36273801790777,6.0417253858796,4.62890466064523,0
875,98,10,46463.1486826,1.00449070840741,TRUE,3.13438135478947,4.93712829042769,4.10231011724652,0
876,98,15,46517.714864,1.02439099228854,TRUE,2.6433698194412,3.7987629820087,2.84557033192212,0
877,98,20,46560.2763975,1.00795780285739,TRUE,3.69925784904222,3.86444478703413,3.84636504642125,0
878,98,25,46607.8505262,0.996598820664558,TRUE,2.62159834638008,3.44541774888953,3.11154333101122,0
879,98,30,46661.4993792,0.991966772066911,TRUE,4.20004842443088,3.48722439925986,4.20004842443088,0
880,98,35,46711.4783009,0.996923305334141,TRUE,2.32424329987218,3.32695121946775,2.77692182392432,0
881,98,40,46765.7158018,0.987374389070865,TRUE,3.76977990617044,3.45106610911894,3.83159291805794,0
882,98,45,46820.5638766,0.985209174893742,TRUE,4.18379729968416,3.17698567269937,4.18379729968416,0
883,99,5,46869.7467757,1.37018159985178,TRUE,4.52639182727914,9.67897899318554,7.45635357729327,2
884,99,10,46934.093454,1.21487805710098,TRUE,2.84658823678191,11.3043753895865,7.43338067593388,1
885,99,15,46992.9400045,1.04125422201356,TRUE,0.614033821782771,7.46297913699853,5.21171117964783,1
886,99,20,47054.2740026,0.954651741498486,TRUE,-0.417439188024091,4.8216064388651,3.86955213732429,1
887,99,25,47135.3017116,0.932539147637244,TRUE,1.50366188615595,3.43163180577315,2.70600514082627,1
888,99,30,47188.1782375,0.929282995507349,TRUE,0.745428525770507,3.27462476590921,2.44968206958764,1
889,99,35,47239.3144154,0.928458254290539,TRUE,0.171451807748544,3.2008822247583,2.51299713796557,1
890,99,40,47307.3669125,0.929293614044064,TRUE,-0.970289780228221,3.53339063304511,3.35063107410724,1
891,99,45,47388.9996815,0.942546282420279,TRUE,-0.69059663116811,4.24278300526697,3.62281062839457,1
892,100,5,47438.0509463,1.05266156346821,TRUE,4.44579282725917,5.42606259706114,4.59341325084717,1
893,100,10,47497.7974721,1.05356694762996,TRUE,4.91665332730416,5.43206284917303,4.96484923119171,1
894,100,15,47555.2165332,1.05409295579761,TRUE,5.39052708851986,5.45595834116789,5.39150119692316,1
895,100,20,47611.8746096,1.05148193042466,TRUE,3.55228681751835,5.72060718585896,4.39632683420478,1
896,100,25,47661.6700323,1.05004100233947,TRUE,1.90484464346364,5.85244002361107,4.45501557198854,1
897,100,30,47719.1433815,1.05273934963432,TRUE,2.52927420785808,5.51114101184593,3.8064667934086,1
898,100,35,47770.3574778,1.05027663074804,TRUE,4.38456700117355,5.56690659179974,4.55989010424679,1
899,100,40,47833.2546437,1.04512283463906,TRUE,4.94961845142335,5.69901589043831,5.02298080158707,1
900,100,45,47890.1549504,1.04780079746824,TRUE,5.82238919983386,5.21233262980694,5.82238919983386,1
901,101,5,47938.8344215,1.03644032074614,TRUE,1.16361004073059,7.24321852446766,5.35609922389657,1
902,101,10,48003.5343487,1.03716158300085,TRUE,1.14956041398237,7.2827057585096,5.40717737901342,1
903,101,15,48064.0599654,1.0358459024649,TRUE,1.08724423736293,7.28632340049827,5.45595487720017,1
904,101,20,48135.4699681,1.0312949603499,TRUE,0.9844955916563,7.20035057796411,5.4460720716781,1
905,101,25,48197.4285111,1.02585728686599,TRUE,0.870982440024913,7.0881219947462,5.42309223340359,1
906,101,30,48255.2179315,1.0204698014013,TRUE,0.760694003945712,6.97086503673289,5.39327579949025,1
907,101,35,48320.9110972,1.01456755884084,TRUE,0.639302220841124,6.83595390170449,5.35145790830125,1
908,101,40,48364.563961,1.00839166117567,TRUE,0.508679772955548,6.68866299925421,5.29454382572093,1
909,101,45,48428.2747944,1.00230396728403,TRUE,0.380032325785587,6.53283565750706,5.21836317127528,1
910,102,5,48482.0894108,1.81997530405253,FALSE,23.8497590443452,12.0822211973841,23.8497590443452,7
911,102,10,48544.056558,1.82059290792583,FALSE,24.0333071915413,12.1187405855812,24.0333071915413,7
912,102,15,48600.542264,1.8214636302437,FALSE,24.1587454054832,12.1046278274615,24.1587454054832,7
913,102,20,48656.2845586,1.82229743413572,FALSE,24.2099878769016,12.0704906837735,24.2099878769016,7
914,102,25,48718.9650844,1.82297422791946,FALSE,24.2627570493974,11.9952222792733,24.2627570493974,7
915,102,30,48767.9307705,1.82319712873578,FALSE,24.1228315129802,11.8540372991296,24.1228315129802,7
916,102,35,48827.2485488,1.82343558815026,FALSE,23.9460552115036,11.6981380785981,23.9460552115036,7
917,102,40,48877.1296836,1.8235762295495,FALSE,23.7275308377992,11.524245882579,23.7275308377992,7
918,102,45,48927.8138218,1.82374545294358,FALSE,23.4818746179302,11.3414030738378,23.4818746179302,7
919,103,5,48975.3918388,1.05268055129253,TRUE,4.21181615944046,5.44092428899274,4.43679372874311,0
920,103,10,49056.5659225,1.05420849610859,TRUE,2.0646248893305,5.58495536459407,3.78269525180018,0
921,103,15,49129.1909492,1.05482444615149,TRUE,2.43785763927197,5.64657666345643,3.93198799689532,0
922,103,20,49186.0395725,1.05426953767246,TRUE,2.83978374543354,5.55028457162384,3.88142191044341,0
923,103,25,49244.673317,1.05204624148649,TRUE,3.55768577373007,5.63773351174964,4.26171552427905,0
924,103,30,49287.8484133,1.05068454198851,TRUE,3.58924178462411,5.69774487823017,4.26140035560623,0
925,103,35,49335.8143051,1.04513652120125,TRUE,2.72644425275756,5.92261021445644,4.50688894658177,0
926,103,40,49396.8253654,1.04941823020023,TRUE,5.49078570992813,5.27767724236889,5.49078570992813,0
927,103,45,49439.4899459,1.04800367910379,TRUE,1.83284985928147,5.5898656377086,4.07630220268035,0
928,104,5,49498.5920104,1.04535644249641,TRUE,0.229782997324942,8.08791816541364,6.05239903173298,1
929,104,10,49564.3956319,1.04582412340151,TRUE,0.244289873298899,8.10601855340898,6.0774302330134,1
930,104,15,49624.3546666,1.04351612534786,TRUE,0.237973836426993,8.04790495520401,6.07565953863399,1
931,104,20,49681.0553846,1.03807551170815,TRUE,0.207948053693494,7.89429893023363,6.01526710293663,1
932,104,25,49745.3276479,1.03155420255794,TRUE,0.165928819348148,7.7069220015849,5.94175093120598,1
933,104,30,49802.5356089,1.02513881179361,TRUE,0.11868289989397,7.51858340022317,5.86899671593214,1
934,104,35,49859.1786225,1.01827829749097,TRUE,0.0615340766988271,7.31259123828806,5.78385796878796,1
935,104,40,49908.2243659,1.01130794415125,TRUE,-0.00190036311117215,7.09700495388182,5.68508297715793,1
936,104,45,49963.7012965,1.004483948256,TRUE,-0.0710556199398156,6.87811582471234,5.57846079447974,1
937,105,5,50014.4303758,1.05252398785657,TRUE,3.67337869286754,5.51976741237012,4.2187625501105,1
938,105,10,50072.2111741,1.05330511101874,TRUE,1.7799688441162,5.78090509232347,4.18285194746732,1
939,105,15,50135.6193284,1.05261928275643,TRUE,4.3071070518496,5.69087362404318,4.58994468429254,1
940,105,20,50191.4726312,1.05204361475778,TRUE,5.41274130956374,5.64963312451091,5.41274130956374,1
941,105,25,50262.7992241,1.05406184712601,TRUE,1.5909014852235,5.58911572765003,3.86175750160824,1
942,105,30,50327.6017516,1.05274923423161,TRUE,2.43053880051554,5.57913175706129,3.89752531004327,1
943,105,35,50382.9717719,1.04931604976813,TRUE,4.10392193918285,5.62309048204431,4.48795072296423,1
944,105,40,50446.026231,1.04719712030339,TRUE,2.26647428065705,5.71018258867069,4.23437495355022,1
945,105,45,50512.8106181,1.04859785622957,TRUE,3.07471902613177,5.35330185122509,3.90035881816268,1
946,106,5,50567.5278092,1.04540690719243,TRUE,0.231154043703198,8.08872100419191,6.05202293550191,1
947,106,10,50626.3246576,1.04578696727065,TRUE,0.240003312283833,8.10680020209223,6.07867018491427,1
948,106,15,50697.7122669,1.04351896518462,TRUE,0.237771198137807,8.04815121552832,6.07564082360237,1
949,106,20,50759.5269921,1.03806547526612,TRUE,0.206277595885,7.89452624572672,6.01576618301995,1
950,106,25,50820.3363967,1.03159172008681,TRUE,0.168480292718176,7.70693666240585,5.94084682529543,1
951,106,30,50875.9175695,1.02511567842933,TRUE,0.117671943459518,7.5181963627359,5.86885724802457,1
952,106,35,50941.1117728,1.01833337343442,TRUE,0.0652929495942518,7.31285316116069,5.78315587447096,1
953,106,40,50999.6105987,1.01136259180325,TRUE,0.000628475682827099,7.09779926016631,5.68492419761583,1
954,106,45,51059.5472768,1.00446201937508,TRUE,-0.0724518415168581,6.87796839565181,5.57882540441912,1
955,107,5,51105.4172989,1.8198899137001,FALSE,23.8491392558576,12.0835244745,23.8491392558576,7
956,107,10,51163.1559559,1.82068525570145,FALSE,24.0417037488804,12.1253378171236,24.0417037488804,7
957,107,15,51228.869192,1.82144390452739,FALSE,24.1334289892329,12.1091006556209,24.1334289892329,7
958,107,20,51281.7651074,1.82226419625663,FALSE,24.2011965143416,12.0691424365328,24.2011965143416,7
959,107,25,51339.1142896,1.82294616644088,FALSE,24.2772544996725,11.9878884843675,24.2772544996725,7
960,107,30,51394.56415,1.82317383553161,FALSE,24.1249358870187,11.8560184882786,24.1249358870187,7
961,107,35,51455.9180821,1.82344219382845,FALSE,23.9557865432849,11.6986251814862,23.9557865432849,7
962,107,40,51511.0447037,1.82358635730367,FALSE,23.7258574387916,11.5242525229124,23.7258574387916,7
963,107,45,51561.3355715,1.8237863849571,FALSE,23.4644154918905,11.3396198111629,23.4644154918905,7
964,108,5,51610.7704602,1.05267183937274,TRUE,3.61849411524111,5.5059870789379,4.19387553952781,0
965,108,10,51664.1229403,1.05242627722694,TRUE,5.18215610819215,5.60271287353904,5.18636906988085,0
966,108,15,51707.8466518,1.04746758609903,TRUE,1.64650219284122,6.24061552767019,4.74694958388163,0
967,108,20,51760.2563293,1.05395707106454,TRUE,3.58891640239838,5.51025105862674,4.1576072651443,0
968,108,25,51815.7943934,1.04754283667134,TRUE,1.59522767746162,6.10958959899293,4.64866731017277,0
969,108,30,51864.4873897,1.05205404686638,TRUE,2.39171762792803,5.65633987678215,4.09080503935906,0
970,108,35,51931.2786857,1.05089422397592,TRUE,4.78326961870281,5.35740464442814,4.84145520836835,0
971,108,40,52004.7530425,1.05066723365936,TRUE,1.77215727106386,5.52561367440831,3.86772216819354,0
972,108,45,52053.2621813,1.04608756710996,TRUE,2.19016273248956,5.66286545128579,4.27241115459404,0
973,109,5,52119.0805198,1.02923983893594,TRUE,1.5390256145259,6.8092842207752,5.17599999620916,1
974,109,10,52192.983571,1.02980231955962,TRUE,1.54240709878217,6.83358493115588,5.19893516800523,1
975,109,15,52257.8424379,1.02872597453218,TRUE,1.49381513674918,6.83163659009866,5.19704529781463,1
976,109,20,52323.5893792,1.02478524832291,TRUE,1.40259807781987,6.75144012357429,5.13871837471919,1
977,109,25,52386.4803669,1.0199979355759,TRUE,1.28517012435778,6.65449051962939,5.06714499502817,1
978,109,30,52452.2314436,1.01522424066127,TRUE,1.1631325651035,6.55753657511809,4.99660198575943,1
979,109,35,52509.4809507,1.00993276562156,TRUE,1.03104194727517,6.44362183905769,4.95096178068685,1
980,109,40,52572.7794409,1.00448734997358,TRUE,0.895011031174469,6.32017124468395,4.91966980041872,1
981,109,45,52627.7761297,0.998838336987237,TRUE,0.750097037510948,6.18560603493853,4.86991360792016,1
982,110,5,52680.1684067,1.0496076617981,TRUE,2.95532091966996,5.8227983538637,4.26018067828937,1
983,110,10,52757.9920966,1.05429608570275,TRUE,1.84294705526106,5.59703489306353,3.79758698010378,1
984,110,15,52812.6143771,1.05409211684436,TRUE,5.30318814211467,5.46138307922282,5.31087532230987,1
985,110,20,52864.0924625,1.04706275928165,TRUE,2.7133338221033,6.15564703061731,4.67149961107369,1
986,110,25,52930.6762,1.05253402156993,TRUE,1.50492815794483,5.79724538021608,4.27989968740539,1
987,110,30,52996.8679491,1.05283333053476,TRUE,2.47144190137598,5.51437836822648,3.80192412477136,1
988,110,35,53050.4781098,1.04961224748884,TRUE,2.33412373466796,5.74687539602581,4.27936156402114,1
989,110,40,53101.3872381,1.0491919683357,TRUE,3.73094062004605,5.49252247103055,4.23603975807971,1
990,110,45,53169.0876693,1.04915277727262,TRUE,1.8931124672599,5.41563165861396,3.69347960928123,1
991,111,5,53228.9828536,1.0292152367571,TRUE,1.53641716465777,6.81001313631681,5.17611618687805,1
992,111,10,53296.3493897,1.02986657537092,TRUE,1.54666330099104,6.83297958036174,5.1980972829973,1
993,111,15,53345.2588961,1.02866860469368,TRUE,1.49099876544693,6.83130199313007,5.19722004588199,1
994,111,20,53409.0894216,1.02477903093608,TRUE,1.39999254498164,6.75256553798301,5.13881851392986,1
995,111,25,53466.3396555,1.0199889701967,TRUE,1.28496668567929,6.65433533232023,5.06707331809375,1
996,111,30,53534.6032369,1.01521725107003,TRUE,1.16336305278411,6.55712965794239,4.99681489175369,1
997,111,35,53597.6343337,1.00995369836835,TRUE,1.03192037746182,6.44406250716322,4.95110978495915,1
998,111,40,53667.1758403,1.00445945769596,TRUE,0.894551069566272,6.31938275810696,4.91926397716396,1
999,111,45,53726.3013383,0.998867539562558,TRUE,0.750803264334346,6.18652474411403,4.87043282922559,1
1000,112,5,53788.6738187,1.81995226288452,FALSE,23.8516703497657,12.0788864494899,23.8516703497657,7
1001,112,10,53851.4165087,1.82060397141786,FALSE,24.0276077173046,12.128944691548,24.0276077173046,7
1002,112,15,53901.646484,1.82138732940916,FALSE,24.1392389648981,12.1111483189001,24.1392389648981,7
1003,112,20,53961.5275772,1.82217292352482,FALSE,24.233026389198,12.0689136166448,24.233026389198,7
1004,112,25,54022.3699958,1.82293463980258,FALSE,24.261457755076,11.9963815630689,24.261457755076,7
1005,112,30,54072.7139897,1.82317652535034,FALSE,24.1281620280583,11.8547530280435,24.1281620280583,7
1006,112,35,54138.5970093,1.82347346136142,FALSE,23.9589865244651,11.704837645341,23.9589865244651,7
1007,112,40,54199.0091422,1.82368597092845,FALSE,23.748614600742,11.5287201504073,23.748614600742,7
1008,112,45,54262.8770631,1.82383572087365,FALSE,23.4946064745178,11.3440958533835,23.4946064745178,7
1009,113,5,54337.5225663,1.05270009293824,TRUE,5.37520805329126,5.39432146308299,5.38384474305158,0
1010,113,10,54402.9422374,1.05356741581886,TRUE,4.88016820010614,5.43286437910045,4.93586617487293,0
1011,113,15,54475.885723,1.05413127315335,TRUE,5.15678907403867,5.44820639978811,5.17439601148928,0
1012,113,20,54521.5732246,1.05262803921926,TRUE,3.97417328677192,5.6555971150683,4.43320775678896,0
1013,113,25,54604.1512286,1.05106292191101,TRUE,5.10496896648557,5.65890406643263,5.12519306917624,0
1014,113,30,54662.8088421,1.05208562574595,TRUE,4.48897881393615,5.40779133269734,4.6075932893182,0
1015,113,35,54727.2511476,1.05191441394843,TRUE,2.13227645552042,5.49718062675873,3.77762030398572,0
1016,113,40,54787.4588029,1.04736544372831,TRUE,3.62136463442897,5.68964415453714,4.31132382573057,0
1017,113,45,54851.0877384,1.04896445933423,TRUE,2.25532248070365,5.39693342741861,3.69990213150964,0
1018,114,5,54912.3929282,1.04535134676041,TRUE,0.231217957558954,8.08739871213181,6.05193797851352,1
1019,114,10,54971.716435,1.04583875575021,TRUE,0.24216737684649,8.10741864792037,6.07827182194749,1
1020,114,15,55040.9308904,1.04352199476888,TRUE,0.238822647105998,8.04770029393167,6.0752533409381,1
1021,114,20,55103.6790401,1.0380188630327,TRUE,0.204563974508227,7.8940851792416,6.01615980774259,1
1022,114,25,55176.3869149,1.03151524121723,TRUE,0.162484008463908,7.70721452148846,5.94290414862751,1
1023,114,30,55239.0113258,1.0251483427727,TRUE,0.121776115484352,7.51736965224219,5.86727389261817,1
1024,114,35,55302.5230168,1.0182569507297,TRUE,0.0610369837683619,7.31196974670323,5.78386692032167,1
1025,114,40,55361.013293,1.01136317067741,TRUE,0.000359460547414768,7.09804213182104,5.68504305220914,1
1026,114,45,55444.8845821,1.00446089859684,TRUE,-0.0723751095039984,6.87801584967558,5.57893379596579,1
1027,115,5,55515.7061594,1.04853462072163,TRUE,2.129581269217,5.95640045724569,4.37500940698093,1
1028,115,10,55595.7088565,1.05415208460712,TRUE,1.72785487842467,5.67567226213953,3.95824670338536,1
1029,115,15,55650.4440767,1.05379906226489,TRUE,3.74205053344448,5.63626268668561,4.27738404056993,1
1030,115,20,55713.9747682,1.05385209215671,TRUE,4.02255299041567,5.49540579286129,4.34961102200487,1
1031,115,25,55768.6744529,1.05310948468914,TRUE,3.98072693101928,5.46007564144454,4.31768853885022,1
1032,115,30,55822.1831081,1.05189128931993,TRUE,5.79203595523629,5.34360747375602,5.79203595523629,1
1033,115,35,55902.074841,1.04511916895006,TRUE,5.40082474827334,5.75977316208319,5.48144334225974,1
1034,115,40,55970.8798592,1.04389496152551,TRUE,4.05708971210716,5.75770482005496,4.56551976611159,1
1035,115,45,56027.1621702,1.0477852290241,TRUE,3.13966974263997,5.48707829143803,3.99599738856489,1
1036,116,5,56091.2069547,1.0453421659971,TRUE,0.229110801685656,8.08784642804961,6.05240664480622,1
1037,116,10,56156.4431225,1.04578596638663,TRUE,0.240757504917372,8.10642285814679,6.07844994813466,1
1038,116,15,56219.7715084,1.0434995620571,TRUE,0.238220414589721,8.04723827775251,6.07526232266425,1
1039,116,20,56282.9277137,1.03806355493679,TRUE,0.208964827217405,7.89333400478408,6.0150062288668,1
1040,116,25,56339.4774922,1.03154499992384,TRUE,0.164086363547452,7.70739837102661,5.94238573713887,1
1041,116,30,56396.8874089,1.02512993865796,TRUE,0.118275862332848,7.51824243147925,5.86861569177385,1
1042,116,35,56466.0369839,1.01829848900327,TRUE,0.0633352238458968,7.31244739619991,5.78334890458872,1
1043,116,40,56538.0532423,1.01133222779839,TRUE,-0.00188389230070456,7.09787098871611,5.68535334525019,1
1044,116,45,56600.3073682,1.00445948599614,TRUE,-0.071999139123018,6.87779151072017,5.57853118585195,1
1045,117,5,56643.4026926,1.66666670676119,FALSE,21.6022167092843,13.6040612626316,21.6022167092843,10
1046,117,10,56685.733597,1.666666666728,FALSE,18.5797076604995,12.6464114056017,18.5797076604995,11
1047,117,15,56730.7702912,1.66666672770808,FALSE,25.8512757101652,13.1576124298106,25.8512757101652,13
1048,117,20,56780.0039304,1.66666706699938,FALSE,32.9318608703026,10.6137987709555,32.9318608703026,15
1049,117,25,56830.6717515,1.66666691853158,FALSE,31.5232717923032,13.2805198418831,31.5232717923032,19
1050,117,30,56884.9127728,1.66666679092318,FALSE,34.0350520973999,14.1880896230117,34.0350520973999,17
1051,117,35,56934.5225223,1.66666680444167,FALSE,28.0829775871437,16.0531384455968,28.0829775871437,20
1052,117,40,56978.1242654,1.66666695219822,FALSE,10.4490512567639,15.7777725202431,13.0804547230299,24
1053,117,45,57021.7787515,1.66666669929185,FALSE,26.6898903437874,15.7184194024135,26.6898903437874,16
1054,118,5,57072.2151585,1.66666671177956,FALSE,27.3786941919307,10.3026384750151,27.3786941919307,9
1055,118,10,57120.8818183,1.66666765317523,FALSE,31.6280783376215,8.55074406122618,31.6280783376215,12
1056,118,15,57171.510973,1.6666669858137,FALSE,27.6103259311729,13.6263488970097,27.6103259311729,7
1057,118,20,57218.5299738,1.66666678908972,FALSE,32.6070718881425,12.6693569365506,32.6070718881425,14
1058,118,25,57264.3751556,1.66666666726346,FALSE,22.3240907346294,12.8012778918022,22.3869059777494,16
1059,118,30,57312.0285903,1.66666714640961,FALSE,31.2338350072686,13.1244587179107,31.2338350072686,21
1060,118,35,57358.2086375,1.66666683645461,FALSE,27.9209370608714,14.4679122723761,27.9209370608714,19
1061,118,40,57413.6726149,1.66666698599038,FALSE,18.3022887544672,12.8128246933552,18.3022887544672,24
1062,118,45,57469.4140518,1.66666694475438,FALSE,11.9333386740777,13.3885088860346,11.9333386740777,24
1063,119,5,57521.9640283,1.66666689111683,FALSE,25.4858370463719,11.7399234629478,25.4858370463719,5
1064,119,10,57573.4020657,1.66666697223849,FALSE,23.3411840649436,12.9277118418775,23.3411840649436,8
1065,119,15,57625.9451574,1.66666673486335,FALSE,26.2773973995887,14.4199793683628,26.2773973995887,11
1066,119,20,57680.5094044,1.66666696130625,FALSE,31.216866516717,12.8769041712594,31.216866516717,16
1067,119,25,57735.7080016,1.66666707632482,FALSE,31.7417585350986,12.326049479371,31.7417585350986,23
1068,119,30,57789.8055946,1.66666703160007,FALSE,23.5276082364693,11.1356227172162,23.5276082364693,25
1069,119,35,57841.3802786,1.66666668483737,FALSE,26.7047038697607,16.1752949270229,26.795674852571,16
1070,119,40,57892.4356604,1.6666670755947,FALSE,21.3853847180948,10.863673914537,21.3853847180948,27
1071,119,45,57943.566716,1.66666677410736,FALSE,24.7271362802207,17.848871318234,24.7271362802207,19
1072,120,5,57993.7811175,1.66666756431931,FALSE,21.708734629361,13.7683240281529,21.708734629361,13
1073,120,10,58039.4660266,1.66666681108563,FALSE,20.354213327251,13.6529976771005,20.354213327251,13
1074,120,15,58087.3189964,1.66666677532557,FALSE,22.3076519606738,15.4854524452546,22.3076519606738,11
1075,120,20,58141.0063292,1.66666749448252,FALSE,21.7260968558526,13.8943275476263,21.7260968558526,13
1076,120,25,58185.3490309,1.6666666826089,FALSE,20.5056033621085,13.9759437867325,20.5056033621085,13
1077,120,30,58235.5926186,1.66666696359912,FALSE,21.9866626552724,14.0744532925059,21.9866626552724,13
1078,120,35,58287.2321583,1.66666718743985,FALSE,22.9357836550199,14.4284741879058,22.9357836550199,13
1079,120,40,58335.2777473,1.66666670264253,FALSE,21.6878793922253,14.6414054723412,21.6878793922253,13
1080,120,45,58390.5109945,1.66666721225384,FALSE,21.9216580746082,13.8520935536502,21.9216580746082,14
