case_id,damage_type,element_id,severity_pct,member_type,zone,n_elements_total,detection_ok,n_false_positives
D_0001,Denting,1,5,Inclined_leg,mudline,120,False,4
D_0002,Denting,1,10,Inclined_leg,mudline,120,False,4
D_0003,Denting,1,15,Inclined_leg,mudline,120,False,4
D_0004,Denting,1,20,Inclined_leg,mudline,120,False,4
D_0005,Denting,1,25,Inclined_leg,mudline,120,False,2
D_0006,Denting,1,30,Inclined_leg,mudline,120,False,2
D_0007,Denting,1,35,Inclined_leg,mudline,120,False,2
D_0008,Denting,1,40,Inclined_leg,mudline,120,False,4
D_0009,Denting,1,45,Inclined_leg,mudline,120,False,3
D_0010,Denting,2,5,Brace,mudline,120,True,0
D_0011,Denting,2,10,Brace,mudline,120,True,0
D_0012,Denting,2,15,Brace,mudline,120,True,0
D_0013,Denting,2,20,Brace,mudline,120,True,0
D_0014,Denting,2,25,Brace,mudline,120,True,0
D_0015,Denting,2,30,Brace,mudline,120,True,0
D_0016,Denting,2,35,Brace,mudline,120,True,0
D_0017,Denting,2,40,Brace,mudline,120,True,0
D_0018,Denting,2,45,Brace,mudline,120,True,0
D_0019,Denting,3,5,Brace,mudline,120,True,2
D_0020,Denting,3,10,Brace,mudline,120,True,2
D_0021,Denting,3,15,Brace,mudline,120,True,2
D_0022,Denting,3,20,Brace,mudline,120,True,2
D_0023,Denting,3,25,Brace,mudline,120,True,2
D_0024,Denting,3,30,Brace,mudline,120,True,2
D_0025,Denting,3,35,Brace,mudline,120,True,2
D_0026,Denting,3,40,Brace,mudline,120,True,2
D_0027,Denting,3,45,Brace,mudline,120,True,2
D_0028,Denting,4,5,Brace,mudline,120,True,1
D_0029,Denting,4,10,Brace,mudline,120,True,1
D_0030,Denting,4,15,Brace,mudline,120,True,1
D_0031,Denting,4,20,Brace,mudline,120,True,1
D_0032,Denting,4,25,Brace,mudline,120,True,1
D_0033,Denting,4,30,Brace,mudline,120,True,1
D_0034,Denting,4,35,Brace,mudline,120,True,1
D_0035,Denting,4,40,Brace,mudline,120,True,1
D_0036,Denting,4,45,Brace,mudline,120,True,1
D_0037,Denting,5,5,Brace,mudline,120,True,1
D_0038,Denting,5,10,Brace,mudline,120,True,1
D_0039,Denting,5,15,Brace,mudline,120,True,1
D_0040,Denting,5,20,Brace,mudline,120,True,1
D_0041,Denting,5,25,Brace,mudline,120,True,1
D_0042,Denting,5,30,Brace,mudline,120,True,1
D_0043,Denting,5,35,Brace,mudline,120,True,1
D_0044,Denting,5,40,Brace,mudline,120,True,1
D_0045,Denting,5,45,Brace,mudline,120,True,1
D_0046,Denting,6,5,Inclined_leg,mudline,120,True,1
D_0047,Denting,6,10,Inclined_leg,mudline,120,True,1
D_0048,Denting,6,15,Inclined_leg,mudline,120,True,1
D_0049,Denting,6,20,Inclined_leg,mudline,120,True,1
D_0050,Denting,6,25,Inclined_leg,mudline,120,True,1
D_0051,Denting,6,30,Inclined_leg,mudline,120,True,1
D_0052,Denting,6,35,Inclined_leg,mudline,120,True,1
D_0053,Denting,6,40,Inclined_leg,mudline,120,True,1
D_0054,Denting,6,45,Inclined_leg,mudline,120,True,1
D_0055,Denting,7,5,Brace,mudline,120,True,0
D_0056,Denting,7,10,Brace,mudline,120,True,0
D_0057,Denting,7,15,Brace,mudline,120,True,0
D_0058,Denting,7,20,Brace,mudline,120,True,0
D_0059,Denting,7,25,Brace,mudline,120,True,0
D_0060,Denting,7,30,Brace,mudline,120,True,0
D_0061,Denting,7,35,Brace,mudline,120,True,0
D_0062,Denting,7,40,Brace,mudline,120,True,0
D_0063,Denting,7,45,Brace,mudline,120,True,0
D_0064,Denting,8,5,Brace,mudline,120,True,2
D_0065,Denting,8,10,Brace,mudline,120,True,2
D_0066,Denting,8,15,Brace,mudline,120,True,2
D_0067,Denting,8,20,Brace,mudline,120,True,2
D_0068,Denting,8,25,Brace,mudline,120,True,2
D_0069,Denting,8,30,Brace,mudline,120,True,2
D_0070,Denting,8,35,Brace,mudline,120,True,2
D_0071,Denting,8,40,Brace,mudline,120,True,2
D_0072,Denting,8,45,Brace,mudline,120,True,2
D_0073,Denting,9,5,Brace,mudline,120,True,1
D_0074,Denting,9,10,Brace,mudline,120,True,1
D_0075,Denting,9,15,Brace,mudline,120,True,1
D_0076,Denting,9,20,Brace,mudline,120,True,1
D_0077,Denting,9,25,Brace,mudline,120,True,1
D_0078,Denting,9,30,Brace,mudline,120,True,1
D_0079,Denting,9,35,Brace,mudline,120,True,1
D_0080,Denting,9,40,Brace,mudline,120,True,1
D_0081,Denting,9,45,Brace,mudline,120,True,1
D_0082,Denting,10,5,Brace,mudline,120,True,2
D_0083,Denting,10,10,Brace,mudline,120,True,2
D_0084,Denting,10,15,Brace,mudline,120,True,2
D_0085,Denting,10,20,Brace,mudline,120,True,1
D_0086,Denting,10,25,Brace,mudline,120,True,1
D_0087,Denting,10,30,Brace,mudline,120,True,1
D_0088,Denting,10,35,Brace,mudline,120,True,1
D_0089,Denting,10,40,Brace,mudline,120,True,1
D_0090,Denting,10,45,Brace,mudline,120,True,1
D_0091,Denting,11,5,Inclined_leg,mudline,120,False,4
D_0092,Denting,11,10,Inclined_leg,mudline,120,False,4
D_0093,Denting,11,15,Inclined_leg,mudline,120,False,4
D_0094,Denting,11,20,Inclined_leg,mudline,120,False,4
D_0095,Denting,11,25,Inclined_leg,mudline,120,False,2
D_0096,Denting,11,30,Inclined_leg,mudline,120,False,2
D_0097,Denting,11,35,Inclined_leg,mudline,120,False,2
D_0098,Denting,11,40,Inclined_leg,mudline,120,False,4
D_0099,Denting,11,45,Inclined_leg,mudline,120,False,3
D_0100,Denting,12,5,Brace,mudline,120,True,0
D_0101,Denting,12,10,Brace,mudline,120,True,0
D_0102,Denting,12,15,Brace,mudline,120,True,0
D_0103,Denting,12,20,Brace,mudline,120,True,0
D_0104,Denting,12,25,Brace,mudline,120,True,0
D_0105,Denting,12,30,Brace,mudline,120,True,0
D_0106,Denting,12,35,Brace,mudline,120,True,0
D_0107,Denting,12,40,Brace,mudline,120,True,0
D_0108,Denting,12,45,Brace,mudline,120,True,0
D_0109,Denting,13,5,Brace,mudline,120,True,2
D_0110,Denting,13,10,Brace,mudline,120,True,2
D_0111,Denting,13,15,Brace,mudline,120,True,2
D_0112,Denting,13,20,Brace,mudline,120,True,1
D_0113,Denting,13,25,Brace,mudline,120,True,1
D_0114,Denting,13,30,Brace,mudline,120,True,1
D_0115,Denting,13,35,Brace,mudline,120,True,1
D_0116,Denting,13,40,Brace,mudline,120,True,1
D_0117,Denting,13,45,Brace,mudline,120,True,1
D_0118,Denting,14,5,Brace,mudline,120,True,2
D_0119,Denting,14,10,Brace,mudline,120,True,1
D_0120,Denting,14,15,Brace,mudline,120,True,1
D_0121,Denting,14,20,Brace,mudline,120,True,1
D_0122,Denting,14,25,Brace,mudline,120,True,1
D_0123,Denting,14,30,Brace,mudline,120,True,1
D_0124,Denting,14,35,Brace,mudline,120,True,1
D_0125,Denting,14,40,Brace,mudline,120,True,1
D_0126,Denting,14,45,Brace,mudline,120,True,1
D_0127,Denting,15,5,Brace,mudline,120,True,2
D_0128,Denting,15,10,Brace,mudline,120,True,2
D_0129,Denting,15,15,Brace,mudline,120,True,2
D_0130,Denting,15,20,Brace,mudline,120,True,1
D_0131,Denting,15,25,Brace,mudline,120,True,1
D_0132,Denting,15,30,Brace,mudline,120,True,1
D_0133,Denting,15,35,Brace,mudline,120,True,1
D_0134,Denting,15,40,Brace,mudline,120,True,1
D_0135,Denting,15,45,Brace,mudline,120,True,1
D_0136,Denting,16,5,Inclined_leg,mudline,120,True,1
D_0137,Denting,16,10,Inclined_leg,mudline,120,True,1
D_0138,Denting,16,15,Inclined_leg,mudline,120,True,1
D_0139,Denting,16,20,Inclined_leg,mudline,120,True,1
D_0140,Denting,16,25,Inclined_leg,mudline,120,True,1
D_0141,Denting,16,30,Inclined_leg,mudline,120,True,1
D_0142,Denting,16,35,Inclined_leg,mudline,120,True,1
D_0143,Denting,16,40,Inclined_leg,mudline,120,True,1
D_0144,Denting,16,45,Inclined_leg,mudline,120,True,1
D_0145,Denting,17,5,Brace,mudline,120,True,0
D_0146,Denting,17,10,Brace,mudline,120,True,0
D_0147,Denting,17,15,Brace,mudline,120,True,0
D_0148,Denting,17,20,Brace,mudline,120,True,0
D_0149,Denting,17,25,Brace,mudline,120,True,0
D_0150,Denting,17,30,Brace,mudline,120,True,0
D_0151,Denting,17,35,Brace,mudline,120,True,0
D_0152,Denting,17,40,Brace,mudline,120,True,0
D_0153,Denting,17,45,Brace,mudline,120,True,0
D_0154,Denting,18,5,Brace,mudline,120,True,2
D_0155,Denting,18,10,Brace,mudline,120,True,2
D_0156,Denting,18,15,Brace,mudline,120,True,2
D_0157,Denting,18,20,Brace,mudline,120,True,2
D_0158,Denting,18,25,Brace,mudline,120,True,2
D_0159,Denting,18,30,Brace,mudline,120,True,2
D_0160,Denting,18,35,Brace,mudline,120,True,2
D_0161,Denting,18,40,Brace,mudline,120,True,2
D_0162,Denting,18,45,Brace,mudline,120,True,2
D_0163,Denting,19,5,Brace,mudline,120,True,1
D_0164,Denting,19,10,Brace,mudline,120,True,1
D_0165,Denting,19,15,Brace,mudline,120,True,1
D_0166,Denting,19,20,Brace,mudline,120,True,1
D_0167,Denting,19,25,Brace,mudline,120,True,1
D_0168,Denting,19,30,Brace,mudline,120,True,1
D_0169,Denting,19,35,Brace,mudline,120,True,1
D_0170,Denting,19,40,Brace,mudline,120,True,1
D_0171,Denting,19,45,Brace,mudline,120,True,1
D_0172,Denting,20,5,Brace,mudline,120,True,1
D_0173,Denting,20,10,Brace,mudline,120,True,1
D_0174,Denting,20,15,Brace,mudline,120,True,1
D_0175,Denting,20,20,Brace,mudline,120,True,1
D_0176,Denting,20,25,Brace,mudline,120,True,1
D_0177,Denting,20,30,Brace,mudline,120,True,1
D_0178,Denting,20,35,Brace,mudline,120,True,1
D_0179,Denting,20,40,Brace,mudline,120,True,1
D_0180,Denting,20,45,Brace,mudline,120,True,1
D_0181,Denting,21,5,Beam,mudline,120,False,0
D_0182,Denting,21,10,Beam,mudline,120,False,0
D_0183,Denting,21,15,Beam,mudline,120,False,0
D_0184,Denting,21,20,Beam,mudline,120,False,0
D_0185,Denting,21,25,Beam,mudline,120,False,0
D_0186,Denting,21,30,Beam,mudline,120,False,0
D_0187,Denting,21,35,Beam,mudline,120,False,0
D_0188,Denting,21,40,Beam,mudline,120,False,0
D_0189,Denting,21,45,Beam,mudline,120,False,0
D_0190,Denting,22,5,Beam,mudline,120,False,0
D_0191,Denting,22,10,Beam,mudline,120,False,0
D_0192,Denting,22,15,Beam,mudline,120,False,0
D_0193,Denting,22,20,Beam,mudline,120,False,0
D_0194,Denting,22,25,Beam,mudline,120,False,0
D_0195,Denting,22,30,Beam,mudline,120,False,0
D_0196,Denting,22,35,Beam,mudline,120,False,0
D_0197,Denting,22,40,Beam,mudline,120,False,0
D_0198,Denting,22,45,Beam,mudline,120,False,0
D_0199,Denting,23,5,Beam,mudline,120,False,0
D_0200,Denting,23,10,Beam,mudline,120,False,0
D_0201,Denting,23,15,Beam,mudline,120,False,0
D_0202,Denting,23,20,Beam,mudline,120,False,0
D_0203,Denting,23,25,Beam,mudline,120,False,0
D_0204,Denting,23,30,Beam,mudline,120,False,0
D_0205,Denting,23,35,Beam,mudline,120,False,0
D_0206,Denting,23,40,Beam,mudline,120,False,0
D_0207,Denting,23,45,Beam,mudline,120,False,0
D_0208,Denting,24,5,Beam,mudline,120,False,0
D_0209,Denting,24,10,Beam,mudline,120,False,0
D_0210,Denting,24,15,Beam,mudline,120,False,0
D_0211,Denting,24,20,Beam,mudline,120,False,0
D_0212,Denting,24,25,Beam,mudline,120,False,0
D_0213,Denting,24,30,Beam,mudline,120,False,0
D_0214,Denting,24,35,Beam,mudline,120,False,0
D_0215,Denting,24,40,Beam,mudline,120,False,0
D_0216,Denting,24,45,Beam,mudline,120,False,0
D_0217,Denting,25,5,Inclined_leg,sub1,120,False,4
D_0218,Denting,25,10,Inclined_leg,sub1,120,False,4
D_0219,Denting,25,15,Inclined_leg,sub1,120,False,4
D_0220,Denting,25,20,Inclined_leg,sub1,120,False,5
D_0221,Denting,25,25,Inclined_leg,sub1,120,False,7
D_0222,Denting,25,30,Inclined_leg,sub1,120,False,4
D_0223,Denting,25,35,Inclined_leg,sub1,120,False,11
D_0224,Denting,25,40,Inclined_leg,sub1,120,False,10
D_0225,Denting,25,45,Inclined_leg,sub1,120,False,5
D_0226,Denting,26,5,Brace,sub1,120,True,0
D_0227,Denting,26,10,Brace,sub1,120,True,0
D_0228,Denting,26,15,Brace,sub1,120,True,0
D_0229,Denting,26,20,Brace,sub1,120,True,0
D_0230,Denting,26,25,Brace,sub1,120,True,0
D_0231,Denting,26,30,Brace,sub1,120,True,0
D_0232,Denting,26,35,Brace,sub1,120,True,0
D_0233,Denting,26,40,Brace,sub1,120,True,0
D_0234,Denting,26,45,Brace,sub1,120,True,0
D_0235,Denting,27,5,Brace,sub1,120,True,1
D_0236,Denting,27,10,Brace,sub1,120,True,1
D_0237,Denting,27,15,Brace,sub1,120,True,1
D_0238,Denting,27,20,Brace,sub1,120,True,1
D_0239,Denting,27,25,Brace,sub1,120,True,1
D_0240,Denting,27,30,Brace,sub1,120,True,1
D_0241,Denting,27,35,Brace,sub1,120,True,1
D_0242,Denting,27,40,Brace,sub1,120,True,1
D_0243,Denting,27,45,Brace,sub1,120,True,1
D_0244,Denting,28,5,Brace,sub1,120,True,1
D_0245,Denting,28,10,Brace,sub1,120,True,1
D_0246,Denting,28,15,Brace,sub1,120,True,1
D_0247,Denting,28,20,Brace,sub1,120,True,1
D_0248,Denting,28,25,Brace,sub1,120,True,1
D_0249,Denting,28,30,Brace,sub1,120,True,1
D_0250,Denting,28,35,Brace,sub1,120,True,1
D_0251,Denting,28,40,Brace,sub1,120,True,1
D_0252,Denting,28,45,Brace,sub1,120,True,1
D_0253,Denting,29,5,Brace,sub1,120,True,1
D_0254,Denting,29,10,Brace,sub1,120,True,1
D_0255,Denting,29,15,Brace,sub1,120,True,1
D_0256,Denting,29,20,Brace,sub1,120,True,1
D_0257,Denting,29,25,Brace,sub1,120,True,1
D_0258,Denting,29,30,Brace,sub1,120,True,1
D_0259,Denting,29,35,Brace,sub1,120,True,1
D_0260,Denting,29,40,Brace,sub1,120,True,1
D_0261,Denting,29,45,Brace,sub1,120,True,1
D_0262,Denting,30,5,Inclined_leg,sub1,120,False,4
D_0263,Denting,30,10,Inclined_leg,sub1,120,False,4
D_0264,Denting,30,15,Inclined_leg,sub1,120,False,4
D_0265,Denting,30,20,Inclined_leg,sub1,120,False,5
D_0266,Denting,30,25,Inclined_leg,sub1,120,False,7
D_0267,Denting,30,30,Inclined_leg,sub1,120,False,4
D_0268,Denting,30,35,Inclined_leg,sub1,120,False,11
D_0269,Denting,30,40,Inclined_leg,sub1,120,False,11
D_0270,Denting,30,45,Inclined_leg,sub1,120,False,5
D_0271,Denting,31,5,Brace,sub1,120,True,0
D_0272,Denting,31,10,Brace,sub1,120,True,0
D_0273,Denting,31,15,Brace,sub1,120,True,0
D_0274,Denting,31,20,Brace,sub1,120,True,0
D_0275,Denting,31,25,Brace,sub1,120,True,0
D_0276,Denting,31,30,Brace,sub1,120,True,0
D_0277,Denting,31,35,Brace,sub1,120,True,0
D_0278,Denting,31,40,Brace,sub1,120,True,0
D_0279,Denting,31,45,Brace,sub1,120,True,0
D_0280,Denting,32,5,Brace,sub1,120,True,1
D_0281,Denting,32,10,Brace,sub1,120,True,1
D_0282,Denting,32,15,Brace,sub1,120,True,1
D_0283,Denting,32,20,Brace,sub1,120,True,1
D_0284,Denting,32,25,Brace,sub1,120,True,1
D_0285,Denting,32,30,Brace,sub1,120,True,1
D_0286,Denting,32,35,Brace,sub1,120,True,1
D_0287,Denting,32,40,Brace,sub1,120,True,1
D_0288,Denting,32,45,Brace,sub1,120,True,1
D_0289,Denting,33,5,Brace,sub1,120,True,1
D_0290,Denting,33,10,Brace,sub1,120,True,1
D_0291,Denting,33,15,Brace,sub1,120,True,1
D_0292,Denting,33,20,Brace,sub1,120,True,1
D_0293,Denting,33,25,Brace,sub1,120,True,1
D_0294,Denting,33,30,Brace,sub1,120,True,1
D_0295,Denting,33,35,Brace,sub1,120,True,1
D_0296,Denting,33,40,Brace,sub1,120,True,1
D_0297,Denting,33,45,Brace,sub1,120,True,1
D_0298,Denting,34,5,Brace,sub1,120,True,1
D_0299,Denting,34,10,Brace,sub1,120,True,1
D_0300,Denting,34,15,Brace,sub1,120,True,1
D_0301,Denting,34,20,Brace,sub1,120,True,1
D_0302,Denting,34,25,Brace,sub1,120,True,1
D_0303,Denting,34,30,Brace,sub1,120,True,1
D_0304,Denting,34,35,Brace,sub1,120,True,1
D_0305,Denting,34,40,Brace,sub1,120,True,1
D_0306,Denting,34,45,Brace,sub1,120,True,1
D_0307,Denting,35,5,Inclined_leg,sub1,120,False,4
D_0308,Denting,35,10,Inclined_leg,sub1,120,False,4
D_0309,Denting,35,15,Inclined_leg,sub1,120,False,4
D_0310,Denting,35,20,Inclined_leg,sub1,120,False,5
D_0311,Denting,35,25,Inclined_leg,sub1,120,False,7
D_0312,Denting,35,30,Inclined_leg,sub1,120,False,4
D_0313,Denting,35,35,Inclined_leg,sub1,120,False,11
D_0314,Denting,35,40,Inclined_leg,sub1,120,False,11
D_0315,Denting,35,45,Inclined_leg,sub1,120,False,5
D_0316,Denting,36,5,Brace,sub1,120,True,0
D_0317,Denting,36,10,Brace,sub1,120,True,0
D_0318,Denting,36,15,Brace,sub1,120,True,0
D_0319,Denting,36,20,Brace,sub1,120,True,0
D_0320,Denting,36,25,Brace,sub1,120,True,0
D_0321,Denting,36,30,Brace,sub1,120,True,0
D_0322,Denting,36,35,Brace,sub1,120,True,0
D_0323,Denting,36,40,Brace,sub1,120,True,0
D_0324,Denting,36,45,Brace,sub1,120,True,0
D_0325,Denting,37,5,Brace,sub1,120,True,1
D_0326,Denting,37,10,Brace,sub1,120,True,1
D_0327,Denting,37,15,Brace,sub1,120,True,1
D_0328,Denting,37,20,Brace,sub1,120,True,1
D_0329,Denting,37,25,Brace,sub1,120,True,1
D_0330,Denting,37,30,Brace,sub1,120,True,1
D_0331,Denting,37,35,Brace,sub1,120,True,1
D_0332,Denting,37,40,Brace,sub1,120,True,1
D_0333,Denting,37,45,Brace,sub1,120,True,1
D_0334,Denting,38,5,Brace,sub1,120,True,1
D_0335,Denting,38,10,Brace,sub1,120,True,1
D_0336,Denting,38,15,Brace,sub1,120,True,1
D_0337,Denting,38,20,Brace,sub1,120,True,1
D_0338,Denting,38,25,Brace,sub1,120,True,1
D_0339,Denting,38,30,Brace,sub1,120,True,1
D_0340,Denting,38,35,Brace,sub1,120,True,1
D_0341,Denting,38,40,Brace,sub1,120,True,1
D_0342,Denting,38,45,Brace,sub1,120,True,1
D_0343,Denting,39,5,Brace,sub1,120,True,1
D_0344,Denting,39,10,Brace,sub1,120,True,1
D_0345,Denting,39,15,Brace,sub1,120,True,1
D_0346,Denting,39,20,Brace,sub1,120,True,1
D_0347,Denting,39,25,Brace,sub1,120,True,1
D_0348,Denting,39,30,Brace,sub1,120,True,1
D_0349,Denting,39,35,Brace,sub1,120,True,1
D_0350,Denting,39,40,Brace,sub1,120,True,1
D_0351,Denting,39,45,Brace,sub1,120,True,1
D_0352,Denting,40,5,Inclined_leg,sub1,120,False,4
D_0353,Denting,40,10,Inclined_leg,sub1,120,False,4
D_0354,Denting,40,15,Inclined_leg,sub1,120,False,4
D_0355,Denting,40,20,Inclined_leg,sub1,120,False,5
D_0356,Denting,40,25,Inclined_leg,sub1,120,False,6
D_0357,Denting,40,30,Inclined_leg,sub1,120,False,4
D_0358,Denting,40,35,Inclined_leg,sub1,120,False,11
D_0359,Denting,40,40,Inclined_leg,sub1,120,False,11
D_0360,Denting,40,45,Inclined_leg,sub1,120,False,5
D_0361,Denting,41,5,Brace,sub1,120,True,0
D_0362,Denting,41,10,Brace,sub1,120,True,0
D_0363,Denting,41,15,Brace,sub1,120,True,0
D_0364,Denting,41,20,Brace,sub1,120,True,0
D_0365,Denting,41,25,Brace,sub1,120,True,0
D_0366,Denting,41,30,Brace,sub1,120,True,0
D_0367,Denting,41,35,Brace,sub1,120,True,0
D_0368,Denting,41,40,Brace,sub1,120,True,0
D_0369,Denting,41,45,Brace,sub1,120,True,0
D_0370,Denting,42,5,Brace,sub1,120,True,1
D_0371,Denting,42,10,Brace,sub1,120,True,1
D_0372,Denting,42,15,Brace,sub1,120,True,1
D_0373,Denting,42,20,Brace,sub1,120,True,1
D_0374,Denting,42,25,Brace,sub1,120,True,1
D_0375,Denting,42,30,Brace,sub1,120,True,1
D_0376,Denting,42,35,Brace,sub1,120,True,1
D_0377,Denting,42,40,Brace,sub1,120,True,1
D_0378,Denting,42,45,Brace,sub1,120,True,1
D_0379,Denting,43,5,Brace,sub1,120,True,1
D_0380,Denting,43,10,Brace,sub1,120,True,1
D_0381,Denting,43,15,Brace,sub1,120,True,1
D_0382,Denting,43,20,Brace,sub1,120,True,1
D_0383,Denting,43,25,Brace,sub1,120,True,1
D_0384,Denting,43,30,Brace,sub1,120,True,1
D_0385,Denting,43,35,Brace,sub1,120,True,1
D_0386,Denting,43,40,Brace,sub1,120,True,1
D_0387,Denting,43,45,Brace,sub1,120,True,1
D_0388,Denting,44,5,Brace,sub1,120,True,1
D_0389,Denting,44,10,Brace,sub1,120,True,1
D_0390,Denting,44,15,Brace,sub1,120,True,1
D_0391,Denting,44,20,Brace,sub1,120,True,1
D_0392,Denting,44,25,Brace,sub1,120,True,1
D_0393,Denting,44,30,Brace,sub1,120,True,1
D_0394,Denting,44,35,Brace,sub1,120,True,1
D_0395,Denting,44,40,Brace,sub1,120,True,1
D_0396,Denting,44,45,Brace,sub1,120,True,1
D_0397,Denting,45,5,Beam,sub1,120,False,7
D_0398,Denting,45,10,Beam,sub1,120,False,6
D_0399,Denting,45,15,Beam,sub1,120,False,4
D_0400,Denting,45,20,Beam,sub1,120,False,4
D_0401,Denting,45,25,Beam,sub1,120,False,6
D_0402,Denting,45,30,Beam,sub1,120,False,6
D_0403,Denting,45,35,Beam,sub1,120,False,6
D_0404,Denting,45,40,Beam,sub1,120,False,6
D_0405,Denting,45,45,Beam,sub1,120,False,21
D_0406,Denting,46,5,Beam,sub1,120,False,7
D_0407,Denting,46,10,Beam,sub1,120,False,7
D_0408,Denting,46,15,Beam,sub1,120,False,26
D_0409,Denting,46,20,Beam,sub1,120,False,6
D_0410,Denting,46,25,Beam,sub1,120,False,6
D_0411,Denting,46,30,Beam,sub1,120,False,7
D_0412,Denting,46,35,Beam,sub1,120,False,6
D_0413,Denting,46,40,Beam,sub1,120,False,8
D_0414,Denting,46,45,Beam,sub1,120,False,6
D_0415,Denting,47,5,Beam,sub1,120,False,7
D_0416,Denting,47,10,Beam,sub1,120,False,24
D_0417,Denting,47,15,Beam,sub1,120,False,7
D_0418,Denting,47,20,Beam,sub1,120,False,4
D_0419,Denting,47,25,Beam,sub1,120,False,6
D_0420,Denting,47,30,Beam,sub1,120,False,6
D_0421,Denting,47,35,Beam,sub1,120,False,6
D_0422,Denting,47,40,Beam,sub1,120,False,6
D_0423,Denting,47,45,Beam,sub1,120,False,14
D_0424,Denting,48,5,Beam,sub1,120,False,7
D_0425,Denting,48,10,Beam,sub1,120,False,7
D_0426,Denting,48,15,Beam,sub1,120,False,7
D_0427,Denting,48,20,Beam,sub1,120,False,7
D_0428,Denting,48,25,Beam,sub1,120,False,30
D_0429,Denting,48,30,Beam,sub1,120,False,9
D_0430,Denting,48,35,Beam,sub1,120,False,9
D_0431,Denting,48,40,Beam,sub1,120,False,6
D_0432,Denting,48,45,Beam,sub1,120,False,6
D_0433,Denting,49,5,Inclined_leg,sub2,120,False,5
D_0434,Denting,49,10,Inclined_leg,sub2,120,False,1
D_0435,Denting,49,15,Inclined_leg,sub2,120,False,1
D_0436,Denting,49,20,Inclined_leg,sub2,120,False,1
D_0437,Denting,49,25,Inclined_leg,sub2,120,False,1
D_0438,Denting,49,30,Inclined_leg,sub2,120,False,1
D_0439,Denting,49,35,Inclined_leg,sub2,120,False,1
D_0440,Denting,49,40,Inclined_leg,sub2,120,False,1
D_0441,Denting,49,45,Inclined_leg,sub2,120,False,7
D_0442,Denting,50,5,Brace,sub2,120,True,1
D_0443,Denting,50,10,Brace,sub2,120,True,1
D_0444,Denting,50,15,Brace,sub2,120,True,1
D_0445,Denting,50,20,Brace,sub2,120,True,1
D_0446,Denting,50,25,Brace,sub2,120,True,1
D_0447,Denting,50,30,Brace,sub2,120,True,1
D_0448,Denting,50,35,Brace,sub2,120,True,1
D_0449,Denting,50,40,Brace,sub2,120,True,1
D_0450,Denting,50,45,Brace,sub2,120,True,1
D_0451,Denting,51,5,Brace,sub2,120,True,1
D_0452,Denting,51,10,Brace,sub2,120,True,1
D_0453,Denting,51,15,Brace,sub2,120,True,1
D_0454,Denting,51,20,Brace,sub2,120,True,1
D_0455,Denting,51,25,Brace,sub2,120,True,1
D_0456,Denting,51,30,Brace,sub2,120,True,1
D_0457,Denting,51,35,Brace,sub2,120,True,1
D_0458,Denting,51,40,Brace,sub2,120,True,1
D_0459,Denting,51,45,Brace,sub2,120,True,1
D_0460,Denting,52,5,Brace,sub2,120,True,0
D_0461,Denting,52,10,Brace,sub2,120,True,0
D_0462,Denting,52,15,Brace,sub2,120,True,0
D_0463,Denting,52,20,Brace,sub2,120,True,0
D_0464,Denting,52,25,Brace,sub2,120,True,0
D_0465,Denting,52,30,Brace,sub2,120,True,0
D_0466,Denting,52,35,Brace,sub2,120,True,0
D_0467,Denting,52,40,Brace,sub2,120,True,0
D_0468,Denting,52,45,Brace,sub2,120,True,0
D_0469,Denting,53,5,Brace,sub2,120,True,1
D_0470,Denting,53,10,Brace,sub2,120,True,1
D_0471,Denting,53,15,Brace,sub2,120,True,1
D_0472,Denting,53,20,Brace,sub2,120,True,1
D_0473,Denting,53,25,Brace,sub2,120,True,1
D_0474,Denting,53,30,Brace,sub2,120,True,1
D_0475,Denting,53,35,Brace,sub2,120,True,1
D_0476,Denting,53,40,Brace,sub2,120,True,1
D_0477,Denting,53,45,Brace,sub2,120,True,1
D_0478,Denting,54,5,Inclined_leg,sub2,120,False,5
D_0479,Denting,54,10,Inclined_leg,sub2,120,False,1
D_0480,Denting,54,15,Inclined_leg,sub2,120,False,1
D_0481,Denting,54,20,Inclined_leg,sub2,120,False,1
D_0482,Denting,54,25,Inclined_leg,sub2,120,False,1
D_0483,Denting,54,30,Inclined_leg,sub2,120,False,1
D_0484,Denting,54,35,Inclined_leg,sub2,120,False,1
D_0485,Denting,54,40,Inclined_leg,sub2,120,False,5
D_0486,Denting,54,45,Inclined_leg,sub2,120,False,1
D_0487,Denting,55,5,Brace,sub2,120,True,1
D_0488,Denting,55,10,Brace,sub2,120,True,1
D_0489,Denting,55,15,Brace,sub2,120,True,1
D_0490,Denting,55,20,Brace,sub2,120,True,1
D_0491,Denting,55,25,Brace,sub2,120,True,1
D_0492,Denting,55,30,Brace,sub2,120,True,1
D_0493,Denting,55,35,Brace,sub2,120,True,1
D_0494,Denting,55,40,Brace,sub2,120,True,1
D_0495,Denting,55,45,Brace,sub2,120,True,1
D_0496,Denting,56,5,Brace,sub2,120,True,1
D_0497,Denting,56,10,Brace,sub2,120,True,1
D_0498,Denting,56,15,Brace,sub2,120,True,1
D_0499,Denting,56,20,Brace,sub2,120,True,1
D_0500,Denting,56,25,Brace,sub2,120,True,1
D_0501,Denting,56,30,Brace,sub2,120,True,1
D_0502,Denting,56,35,Brace,sub2,120,True,1
D_0503,Denting,56,40,Brace,sub2,120,True,1
D_0504,Denting,56,45,Brace,sub2,120,True,1
D_0505,Denting,57,5,Brace,sub2,120,True,0
D_0506,Denting,57,10,Brace,sub2,120,True,0
D_0507,Denting,57,15,Brace,sub2,120,True,0
D_0508,Denting,57,20,Brace,sub2,120,True,0
D_0509,Denting,57,25,Brace,sub2,120,True,0
D_0510,Denting,57,30,Brace,sub2,120,True,0
D_0511,Denting,57,35,Brace,sub2,120,True,0
D_0512,Denting,57,40,Brace,sub2,120,True,0
D_0513,Denting,57,45,Brace,sub2,120,True,0
D_0514,Denting,58,5,Brace,sub2,120,True,1
D_0515,Denting,58,10,Brace,sub2,120,True,1
D_0516,Denting,58,15,Brace,sub2,120,True,1
D_0517,Denting,58,20,Brace,sub2,120,True,1
D_0518,Denting,58,25,Brace,sub2,120,True,1
D_0519,Denting,58,30,Brace,sub2,120,True,1
D_0520,Denting,58,35,Brace,sub2,120,True,1
D_0521,Denting,58,40,Brace,sub2,120,True,1
D_0522,Denting,58,45,Brace,sub2,120,True,1
D_0523,Denting,59,5,Inclined_leg,sub2,120,False,5
D_0524,Denting,59,10,Inclined_leg,sub2,120,False,1
D_0525,Denting,59,15,Inclined_leg,sub2,120,False,1
D_0526,Denting,59,20,Inclined_leg,sub2,120,False,1
D_0527,Denting,59,25,Inclined_leg,sub2,120,False,1
D_0528,Denting,59,30,Inclined_leg,sub2,120,False,1
D_0529,Denting,59,35,Inclined_leg,sub2,120,False,1
D_0530,Denting,59,40,Inclined_leg,sub2,120,False,1
D_0531,Denting,59,45,Inclined_leg,sub2,120,False,1
D_0532,Denting,60,5,Brace,sub2,120,True,1
D_0533,Denting,60,10,Brace,sub2,120,True,1
D_0534,Denting,60,15,Brace,sub2,120,True,1
D_0535,Denting,60,20,Brace,sub2,120,True,1
D_0536,Denting,60,25,Brace,sub2,120,True,1
D_0537,Denting,60,30,Brace,sub2,120,True,1
D_0538,Denting,60,35,Brace,sub2,120,True,1
D_0539,Denting,60,40,Brace,sub2,120,True,1
D_0540,Denting,60,45,Brace,sub2,120,True,1
D_0541,Denting,61,5,Brace,sub2,120,True,1
D_0542,Denting,61,10,Brace,sub2,120,True,1
D_0543,Denting,61,15,Brace,sub2,120,True,1
D_0544,Denting,61,20,Brace,sub2,120,True,1
D_0545,Denting,61,25,Brace,sub2,120,True,1
D_0546,Denting,61,30,Brace,sub2,120,True,1
D_0547,Denting,61,35,Brace,sub2,120,True,1
D_0548,Denting,61,40,Brace,sub2,120,True,1
D_0549,Denting,61,45,Brace,sub2,120,True,1
D_0550,Denting,62,5,Brace,sub2,120,True,0
D_0551,Denting,62,10,Brace,sub2,120,True,0
D_0552,Denting,62,15,Brace,sub2,120,True,0
D_0553,Denting,62,20,Brace,sub2,120,True,0
D_0554,Denting,62,25,Brace,sub2,120,True,0
D_0555,Denting,62,30,Brace,sub2,120,True,0
D_0556,Denting,62,35,Brace,sub2,120,True,0
D_0557,Denting,62,40,Brace,sub2,120,True,0
D_0558,Denting,62,45,Brace,sub2,120,True,0
D_0559,Denting,63,5,Brace,sub2,120,True,1
D_0560,Denting,63,10,Brace,sub2,120,True,1
D_0561,Denting,63,15,Brace,sub2,120,True,1
D_0562,Denting,63,20,Brace,sub2,120,True,1
D_0563,Denting,63,25,Brace,sub2,120,True,1
D_0564,Denting,63,30,Brace,sub2,120,True,1
D_0565,Denting,63,35,Brace,sub2,120,True,1
D_0566,Denting,63,40,Brace,sub2,120,True,1
D_0567,Denting,63,45,Brace,sub2,120,True,1
D_0568,Denting,64,5,Inclined_leg,sub2,120,False,5
D_0569,Denting,64,10,Inclined_leg,sub2,120,False,1
D_0570,Denting,64,15,Inclined_leg,sub2,120,False,1
D_0571,Denting,64,20,Inclined_leg,sub2,120,False,3
D_0572,Denting,64,25,Inclined_leg,sub2,120,False,1
D_0573,Denting,64,30,Inclined_leg,sub2,120,False,1
D_0574,Denting,64,35,Inclined_leg,sub2,120,False,3
D_0575,Denting,64,40,Inclined_leg,sub2,120,False,1
D_0576,Denting,64,45,Inclined_leg,sub2,120,False,17
D_0577,Denting,65,5,Brace,sub2,120,True,1
D_0578,Denting,65,10,Brace,sub2,120,True,1
D_0579,Denting,65,15,Brace,sub2,120,True,1
D_0580,Denting,65,20,Brace,sub2,120,True,1
D_0581,Denting,65,25,Brace,sub2,120,True,1
D_0582,Denting,65,30,Brace,sub2,120,True,1
D_0583,Denting,65,35,Brace,sub2,120,True,1
D_0584,Denting,65,40,Brace,sub2,120,True,1
D_0585,Denting,65,45,Brace,sub2,120,True,1
D_0586,Denting,66,5,Brace,sub2,120,True,1
D_0587,Denting,66,10,Brace,sub2,120,True,1
D_0588,Denting,66,15,Brace,sub2,120,True,1
D_0589,Denting,66,20,Brace,sub2,120,True,1
D_0590,Denting,66,25,Brace,sub2,120,True,1
D_0591,Denting,66,30,Brace,sub2,120,True,1
D_0592,Denting,66,35,Brace,sub2,120,True,1
D_0593,Denting,66,40,Brace,sub2,120,True,1
D_0594,Denting,66,45,Brace,sub2,120,True,1
D_0595,Denting,67,5,Brace,sub2,120,True,0
D_0596,Denting,67,10,Brace,sub2,120,True,0
D_0597,Denting,67,15,Brace,sub2,120,True,0
D_0598,Denting,67,20,Brace,sub2,120,True,0
D_0599,Denting,67,25,Brace,sub2,120,True,0
D_0600,Denting,67,30,Brace,sub2,120,True,0
D_0601,Denting,67,35,Brace,sub2,120,True,0
D_0602,Denting,67,40,Brace,sub2,120,True,0
D_0603,Denting,67,45,Brace,sub2,120,True,0
D_0604,Denting,68,5,Brace,sub2,120,True,1
D_0605,Denting,68,10,Brace,sub2,120,True,1
D_0606,Denting,68,15,Brace,sub2,120,True,1
D_0607,Denting,68,20,Brace,sub2,120,True,1
D_0608,Denting,68,25,Brace,sub2,120,True,1
D_0609,Denting,68,30,Brace,sub2,120,True,1
D_0610,Denting,68,35,Brace,sub2,120,True,1
D_0611,Denting,68,40,Brace,sub2,120,True,1
D_0612,Denting,68,45,Brace,sub2,120,True,1
D_0613,Denting,69,5,Beam,sub2,120,False,10
D_0614,Denting,69,10,Beam,sub2,120,False,18
D_0615,Denting,69,15,Beam,sub2,120,False,18
D_0616,Denting,69,20,Beam,sub2,120,False,6
D_0617,Denting,69,25,Beam,sub2,120,False,22
D_0618,Denting,69,30,Beam,sub2,120,False,8
D_0619,Denting,69,35,Beam,sub2,120,False,19
D_0620,Denting,69,40,Beam,sub2,120,False,8
D_0621,Denting,69,45,Beam,sub2,120,False,16
D_0622,Denting,70,5,Beam,sub2,120,False,26
D_0623,Denting,70,10,Beam,sub2,120,False,22
D_0624,Denting,70,15,Beam,sub2,120,False,26
D_0625,Denting,70,20,Beam,sub2,120,False,20
D_0626,Denting,70,25,Beam,sub2,120,False,8
D_0627,Denting,70,30,Beam,sub2,120,False,22
D_0628,Denting,70,35,Beam,sub2,120,False,12
D_0629,Denting,70,40,Beam,sub2,120,False,22
D_0630,Denting,70,45,Beam,sub2,120,False,17
D_0631,Denting,71,5,Beam,sub2,120,False,20
D_0632,Denting,71,10,Beam,sub2,120,False,6
D_0633,Denting,71,15,Beam,sub2,120,False,3
D_0634,Denting,71,20,Beam,sub2,120,False,3
D_0635,Denting,71,25,Beam,sub2,120,False,3
D_0636,Denting,71,30,Beam,sub2,120,False,6
D_0637,Denting,71,35,Beam,sub2,120,False,20
D_0638,Denting,71,40,Beam,sub2,120,False,18
D_0639,Denting,71,45,Beam,sub2,120,False,30
D_0640,Denting,72,5,Beam,sub2,120,False,18
D_0641,Denting,72,10,Beam,sub2,120,False,8
D_0642,Denting,72,15,Beam,sub2,120,False,26
D_0643,Denting,72,20,Beam,sub2,120,False,26
D_0644,Denting,72,25,Beam,sub2,120,False,21
D_0645,Denting,72,30,Beam,sub2,120,False,26
D_0646,Denting,72,35,Beam,sub2,120,False,9
D_0647,Denting,72,40,Beam,sub2,120,False,26
D_0648,Denting,72,45,Beam,sub2,120,False,6
D_0649,Denting,73,5,Brace,sub3,120,False,1
D_0650,Denting,73,10,Brace,sub3,120,True,1
D_0651,Denting,73,15,Brace,sub3,120,True,1
D_0652,Denting,73,20,Brace,sub3,120,True,0
D_0653,Denting,73,25,Brace,sub3,120,True,0
D_0654,Denting,73,30,Brace,sub3,120,True,0
D_0655,Denting,73,35,Brace,sub3,120,True,0
D_0656,Denting,73,40,Brace,sub3,120,True,0
D_0657,Denting,73,45,Brace,sub3,120,True,0
D_0658,Denting,74,5,Brace,sub3,120,True,1
D_0659,Denting,74,10,Brace,sub3,120,True,1
D_0660,Denting,74,15,Brace,sub3,120,True,1
D_0661,Denting,74,20,Brace,sub3,120,True,1
D_0662,Denting,74,25,Brace,sub3,120,True,1
D_0663,Denting,74,30,Brace,sub3,120,True,1
D_0664,Denting,74,35,Brace,sub3,120,True,1
D_0665,Denting,74,40,Brace,sub3,120,True,1
D_0666,Denting,74,45,Brace,sub3,120,True,1
D_0667,Denting,75,5,Brace,sub3,120,False,2
D_0668,Denting,75,10,Brace,sub3,120,True,2
D_0669,Denting,75,15,Brace,sub3,120,True,2
D_0670,Denting,75,20,Brace,sub3,120,True,1
D_0671,Denting,75,25,Brace,sub3,120,True,1
D_0672,Denting,75,30,Brace,sub3,120,True,1
D_0673,Denting,75,35,Brace,sub3,120,True,1
D_0674,Denting,75,40,Brace,sub3,120,True,1
D_0675,Denting,75,45,Brace,sub3,120,True,1
D_0676,Denting,76,5,Brace,sub3,120,True,1
D_0677,Denting,76,10,Brace,sub3,120,True,1
D_0678,Denting,76,15,Brace,sub3,120,True,1
D_0679,Denting,76,20,Brace,sub3,120,True,1
D_0680,Denting,76,25,Brace,sub3,120,True,1
D_0681,Denting,76,30,Brace,sub3,120,True,1
D_0682,Denting,76,35,Brace,sub3,120,True,1
D_0683,Denting,76,40,Brace,sub3,120,True,1
D_0684,Denting,76,45,Brace,sub3,120,True,1
D_0685,Denting,77,5,Inclined_leg,sub3,120,False,4
D_0686,Denting,77,10,Inclined_leg,sub3,120,False,3
D_0687,Denting,77,15,Inclined_leg,sub3,120,False,8
D_0688,Denting,77,20,Inclined_leg,sub3,120,False,15
D_0689,Denting,77,25,Inclined_leg,sub3,120,False,8
D_0690,Denting,77,30,Inclined_leg,sub3,120,False,20
D_0691,Denting,77,35,Inclined_leg,sub3,120,False,4
D_0692,Denting,77,40,Inclined_leg,sub3,120,False,22
D_0693,Denting,77,45,Inclined_leg,sub3,120,False,18
D_0694,Denting,78,5,Brace,sub3,120,False,1
D_0695,Denting,78,10,Brace,sub3,120,True,1
D_0696,Denting,78,15,Brace,sub3,120,True,1
D_0697,Denting,78,20,Brace,sub3,120,True,0
D_0698,Denting,78,25,Brace,sub3,120,True,0
D_0699,Denting,78,30,Brace,sub3,120,True,0
D_0700,Denting,78,35,Brace,sub3,120,True,0
D_0701,Denting,78,40,Brace,sub3,120,True,0
D_0702,Denting,78,45,Brace,sub3,120,True,0
D_0703,Denting,79,5,Brace,sub3,120,True,1
D_0704,Denting,79,10,Brace,sub3,120,True,1
D_0705,Denting,79,15,Brace,sub3,120,True,1
D_0706,Denting,79,20,Brace,sub3,120,True,1
D_0707,Denting,79,25,Brace,sub3,120,True,1
D_0708,Denting,79,30,Brace,sub3,120,True,1
D_0709,Denting,79,35,Brace,sub3,120,True,1
D_0710,Denting,79,40,Brace,sub3,120,True,1
D_0711,Denting,79,45,Brace,sub3,120,True,1
D_0712,Denting,80,5,Brace,sub3,120,False,2
D_0713,Denting,80,10,Brace,sub3,120,True,2
D_0714,Denting,80,15,Brace,sub3,120,True,2
D_0715,Denting,80,20,Brace,sub3,120,True,1
D_0716,Denting,80,25,Brace,sub3,120,True,1
D_0717,Denting,80,30,Brace,sub3,120,True,1
D_0718,Denting,80,35,Brace,sub3,120,True,1
D_0719,Denting,80,40,Brace,sub3,120,True,1
D_0720,Denting,80,45,Brace,sub3,120,True,1
D_0721,Denting,81,5,Brace,sub3,120,True,1
D_0722,Denting,81,10,Brace,sub3,120,True,1
D_0723,Denting,81,15,Brace,sub3,120,True,1
D_0724,Denting,81,20,Brace,sub3,120,True,1
D_0725,Denting,81,25,Brace,sub3,120,True,1
D_0726,Denting,81,30,Brace,sub3,120,True,1
D_0727,Denting,81,35,Brace,sub3,120,True,1
D_0728,Denting,81,40,Brace,sub3,120,True,1
D_0729,Denting,81,45,Brace,sub3,120,True,1
D_0730,Denting,82,5,Inclined_leg,sub3,120,False,4
D_0731,Denting,82,10,Inclined_leg,sub3,120,False,2
D_0732,Denting,82,15,Inclined_leg,sub3,120,False,18
D_0733,Denting,82,20,Inclined_leg,sub3,120,False,22
D_0734,Denting,82,25,Inclined_leg,sub3,120,False,26
D_0735,Denting,82,30,Inclined_leg,sub3,120,False,18
D_0736,Denting,82,35,Inclined_leg,sub3,120,False,24
D_0737,Denting,82,40,Inclined_leg,sub3,120,False,24
D_0738,Denting,82,45,Inclined_leg,sub3,120,False,26
D_0739,Denting,83,5,Brace,sub3,120,False,1
D_0740,Denting,83,10,Brace,sub3,120,True,1
D_0741,Denting,83,15,Brace,sub3,120,True,1
D_0742,Denting,83,20,Brace,sub3,120,True,0
D_0743,Denting,83,25,Brace,sub3,120,True,0
D_0744,Denting,83,30,Brace,sub3,120,True,0
D_0745,Denting,83,35,Brace,sub3,120,True,0
D_0746,Denting,83,40,Brace,sub3,120,True,0
D_0747,Denting,83,45,Brace,sub3,120,True,0
D_0748,Denting,84,5,Brace,sub3,120,True,1
D_0749,Denting,84,10,Brace,sub3,120,True,1
D_0750,Denting,84,15,Brace,sub3,120,True,1
D_0751,Denting,84,20,Brace,sub3,120,True,1
D_0752,Denting,84,25,Brace,sub3,120,True,1
D_0753,Denting,84,30,Brace,sub3,120,True,1
D_0754,Denting,84,35,Brace,sub3,120,True,1
D_0755,Denting,84,40,Brace,sub3,120,True,1
D_0756,Denting,84,45,Brace,sub3,120,True,1
D_0757,Denting,85,5,Brace,sub3,120,False,2
D_0758,Denting,85,10,Brace,sub3,120,True,2
D_0759,Denting,85,15,Brace,sub3,120,True,2
D_0760,Denting,85,20,Brace,sub3,120,True,1
D_0761,Denting,85,25,Brace,sub3,120,True,1
D_0762,Denting,85,30,Brace,sub3,120,True,1
D_0763,Denting,85,35,Brace,sub3,120,True,1
D_0764,Denting,85,40,Brace,sub3,120,True,1
D_0765,Denting,85,45,Brace,sub3,120,True,1
D_0766,Denting,86,5,Brace,sub3,120,True,1
D_0767,Denting,86,10,Brace,sub3,120,True,1
D_0768,Denting,86,15,Brace,sub3,120,True,1
D_0769,Denting,86,20,Brace,sub3,120,True,1
D_0770,Denting,86,25,Brace,sub3,120,True,1
D_0771,Denting,86,30,Brace,sub3,120,True,1
D_0772,Denting,86,35,Brace,sub3,120,True,1
D_0773,Denting,86,40,Brace,sub3,120,True,1
D_0774,Denting,86,45,Brace,sub3,120,True,1
D_0775,Denting,87,5,Inclined_leg,sub3,120,False,4
D_0776,Denting,87,10,Inclined_leg,sub3,120,False,2
D_0777,Denting,87,15,Inclined_leg,sub3,120,False,14
D_0778,Denting,87,20,Inclined_leg,sub3,120,False,22
D_0779,Denting,87,25,Inclined_leg,sub3,120,False,7
D_0780,Denting,87,30,Inclined_leg,sub3,120,False,20
D_0781,Denting,87,35,Inclined_leg,sub3,120,False,22
D_0782,Denting,87,40,Inclined_leg,sub3,120,False,10
D_0783,Denting,87,45,Inclined_leg,sub3,120,False,8
D_0784,Denting,88,5,Brace,sub3,120,True,1
D_0785,Denting,88,10,Brace,sub3,120,True,1
D_0786,Denting,88,15,Brace,sub3,120,True,1
D_0787,Denting,88,20,Brace,sub3,120,True,0
D_0788,Denting,88,25,Brace,sub3,120,True,0
D_0789,Denting,88,30,Brace,sub3,120,True,0
D_0790,Denting,88,35,Brace,sub3,120,True,0
D_0791,Denting,88,40,Brace,sub3,120,True,0
D_0792,Denting,88,45,Brace,sub3,120,True,0
D_0793,Denting,89,5,Brace,sub3,120,True,1
D_0794,Denting,89,10,Brace,sub3,120,True,1
D_0795,Denting,89,15,Brace,sub3,120,True,1
D_0796,Denting,89,20,Brace,sub3,120,True,1
D_0797,Denting,89,25,Brace,sub3,120,True,1
D_0798,Denting,89,30,Brace,sub3,120,True,1
D_0799,Denting,89,35,Brace,sub3,120,True,1
D_0800,Denting,89,40,Brace,sub3,120,True,1
D_0801,Denting,89,45,Brace,sub3,120,True,1
D_0802,Denting,90,5,Brace,sub3,120,True,2
D_0803,Denting,90,10,Brace,sub3,120,True,2
D_0804,Denting,90,15,Brace,sub3,120,True,2
D_0805,Denting,90,20,Brace,sub3,120,True,1
D_0806,Denting,90,25,Brace,sub3,120,True,1
D_0807,Denting,90,30,Brace,sub3,120,True,1
D_0808,Denting,90,35,Brace,sub3,120,True,1
D_0809,Denting,90,40,Brace,sub3,120,True,1
D_0810,Denting,90,45,Brace,sub3,120,True,1
D_0811,Denting,91,5,Brace,sub3,120,True,1
D_0812,Denting,91,10,Brace,sub3,120,True,1
D_0813,Denting,91,15,Brace,sub3,120,True,1
D_0814,Denting,91,20,Brace,sub3,120,True,1
D_0815,Denting,91,25,Brace,sub3,120,True,1
D_0816,Denting,91,30,Brace,sub3,120,True,1
D_0817,Denting,91,35,Brace,sub3,120,True,1
D_0818,Denting,91,40,Brace,sub3,120,True,1
D_0819,Denting,91,45,Brace,sub3,120,True,1
D_0820,Denting,92,5,Inclined_leg,sub3,120,False,4
D_0821,Denting,92,10,Inclined_leg,sub3,120,False,2
D_0822,Denting,92,15,Inclined_leg,sub3,120,False,22
D_0823,Denting,92,20,Inclined_leg,sub3,120,False,19
D_0824,Denting,92,25,Inclined_leg,sub3,120,False,22
D_0825,Denting,92,30,Inclined_leg,sub3,120,False,16
D_0826,Denting,92,35,Inclined_leg,sub3,120,False,20
D_0827,Denting,92,40,Inclined_leg,sub3,120,False,22
D_0828,Denting,92,45,Inclined_leg,sub3,120,False,15
D_0829,Denting,93,5,Beam,sub3,120,False,26
D_0830,Denting,93,10,Beam,sub3,120,False,18
D_0831,Denting,93,15,Beam,sub3,120,False,8
D_0832,Denting,93,20,Beam,sub3,120,False,18
D_0833,Denting,93,25,Beam,sub3,120,False,7
D_0834,Denting,93,30,Beam,sub3,120,False,3
D_0835,Denting,93,35,Beam,sub3,120,False,14
D_0836,Denting,93,40,Beam,sub3,120,False,7
D_0837,Denting,93,45,Beam,sub3,120,False,8
D_0838,Denting,94,5,Beam,sub3,120,False,14
D_0839,Denting,94,10,Beam,sub3,120,False,8
D_0840,Denting,94,15,Beam,sub3,120,False,20
D_0841,Denting,94,20,Beam,sub3,120,False,22
D_0842,Denting,94,25,Beam,sub3,120,False,30
D_0843,Denting,94,30,Beam,sub3,120,False,6
D_0844,Denting,94,35,Beam,sub3,120,False,10
D_0845,Denting,94,40,Beam,sub3,120,False,7
D_0846,Denting,94,45,Beam,sub3,120,False,5
D_0847,Denting,95,5,Beam,sub3,120,False,17
D_0848,Denting,95,10,Beam,sub3,120,False,26
D_0849,Denting,95,15,Beam,sub3,120,False,22
D_0850,Denting,95,20,Beam,sub3,120,False,21
D_0851,Denting,95,25,Beam,sub3,120,False,18
D_0852,Denting,95,30,Beam,sub3,120,False,12
D_0853,Denting,95,35,Beam,sub3,120,False,3
D_0854,Denting,95,40,Beam,sub3,120,False,5
D_0855,Denting,95,45,Beam,sub3,120,False,14
D_0856,Denting,96,5,Beam,sub3,120,False,21
D_0857,Denting,96,10,Beam,sub3,120,False,24
D_0858,Denting,96,15,Beam,sub3,120,False,3
D_0859,Denting,96,20,Beam,sub3,120,False,18
D_0860,Denting,96,25,Beam,sub3,120,False,17
D_0861,Denting,96,30,Beam,sub3,120,False,11
D_0862,Denting,96,35,Beam,sub3,120,False,10
D_0863,Denting,96,40,Beam,sub3,120,False,14
D_0864,Denting,96,45,Beam,sub3,120,False,5
D_0865,Denting,97,5,Inclined_leg,splash,120,False,8
D_0866,Denting,97,10,Inclined_leg,splash,120,False,7
D_0867,Denting,97,15,Inclined_leg,splash,120,False,14
D_0868,Denting,97,20,Inclined_leg,splash,120,False,12
D_0869,Denting,97,25,Inclined_leg,splash,120,False,27
D_0870,Denting,97,30,Inclined_leg,splash,120,False,23
D_0871,Denting,97,35,Inclined_leg,splash,120,False,25
D_0872,Denting,97,40,Inclined_leg,splash,120,False,6
D_0873,Denting,97,45,Inclined_leg,splash,120,False,23
D_0874,Denting,98,5,Brace,splash,120,True,0
D_0875,Denting,98,10,Brace,splash,120,True,0
D_0876,Denting,98,15,Brace,splash,120,True,0
D_0877,Denting,98,20,Brace,splash,120,True,0
D_0878,Denting,98,25,Brace,splash,120,True,0
D_0879,Denting,98,30,Brace,splash,120,True,0
D_0880,Denting,98,35,Brace,splash,120,True,0
D_0881,Denting,98,40,Brace,splash,120,True,0
D_0882,Denting,98,45,Brace,splash,120,True,0
D_0883,Denting,99,5,Brace,splash,120,True,2
D_0884,Denting,99,10,Brace,splash,120,True,1
D_0885,Denting,99,15,Brace,splash,120,True,1
D_0886,Denting,99,20,Brace,splash,120,True,1
D_0887,Denting,99,25,Brace,splash,120,True,1
D_0888,Denting,99,30,Brace,splash,120,True,1
D_0889,Denting,99,35,Brace,splash,120,True,1
D_0890,Denting,99,40,Brace,splash,120,True,1
D_0891,Denting,99,45,Brace,splash,120,True,1
D_0892,Denting,100,5,Brace,splash,120,True,1
D_0893,Denting,100,10,Brace,splash,120,True,1
D_0894,Denting,100,15,Brace,splash,120,True,1
D_0895,Denting,100,20,Brace,splash,120,True,1
D_0896,Denting,100,25,Brace,splash,120,True,1
D_0897,Denting,100,30,Brace,splash,120,True,1
D_0898,Denting,100,35,Brace,splash,120,True,1
D_0899,Denting,100,40,Brace,splash,120,True,1
D_0900,Denting,100,45,Brace,splash,120,True,1
D_0901,Denting,101,5,Brace,splash,120,True,1
D_0902,Denting,101,10,Brace,splash,120,True,1
D_0903,Denting,101,15,Brace,splash,120,True,1
D_0904,Denting,101,20,Brace,splash,120,True,1
D_0905,Denting,101,25,Brace,splash,120,True,1
D_0906,Denting,101,30,Brace,splash,120,True,1
D_0907,Denting,101,35,Brace,splash,120,True,1
D_0908,Denting,101,40,Brace,splash,120,True,1
D_0909,Denting,101,45,Brace,splash,120,True,1
D_0910,Denting,102,5,Inclined_leg,splash,120,False,7
D_0911,Denting,102,10,Inclined_leg,splash,120,False,7
D_0912,Denting,102,15,Inclined_leg,splash,120,False,7
D_0913,Denting,102,20,Inclined_leg,splash,120,False,7
D_0914,Denting,102,25,Inclined_leg,splash,120,False,7
D_0915,Denting,102,30,Inclined_leg,splash,120,False,7
D_0916,Denting,102,35,Inclined_leg,splash,120,False,7
D_0917,Denting,102,40,Inclined_leg,splash,120,False,7
D_0918,Denting,102,45,Inclined_leg,splash,120,False,7
D_0919,Denting,103,5,Brace,splash,120,True,0
D_0920,Denting,103,10,Brace,splash,120,True,0
D_0921,Denting,103,15,Brace,splash,120,True,0
D_0922,Denting,103,20,Brace,splash,120,True,0
D_0923,Denting,103,25,Brace,splash,120,True,0
D_0924,Denting,103,30,Brace,splash,120,True,0
D_0925,Denting,103,35,Brace,splash,120,True,0
D_0926,Denting,103,40,Brace,splash,120,True,0
D_0927,Denting,103,45,Brace,splash,120,True,0
D_0928,Denting,104,5,Brace,splash,120,True,1
D_0929,Denting,104,10,Brace,splash,120,True,1
D_0930,Denting,104,15,Brace,splash,120,True,1
D_0931,Denting,104,20,Brace,splash,120,True,1
D_0932,Denting,104,25,Brace,splash,120,True,1
D_0933,Denting,104,30,Brace,splash,120,True,1
D_0934,Denting,104,35,Brace,splash,120,True,1
D_0935,Denting,104,40,Brace,splash,120,True,1
D_0936,Denting,104,45,Brace,splash,120,True,1
D_0937,Denting,105,5,Brace,splash,120,True,1
D_0938,Denting,105,10,Brace,splash,120,True,1
D_0939,Denting,105,15,Brace,splash,120,True,1
D_0940,Denting,105,20,Brace,splash,120,True,1
D_0941,Denting,105,25,Brace,splash,120,True,1
D_0942,Denting,105,30,Brace,splash,120,True,1
D_0943,Denting,105,35,Brace,splash,120,True,1
D_0944,Denting,105,40,Brace,splash,120,True,1
D_0945,Denting,105,45,Brace,splash,120,True,1
D_0946,Denting,106,5,Brace,splash,120,True,1
D_0947,Denting,106,10,Brace,splash,120,True,1
D_0948,Denting,106,15,Brace,splash,120,True,1
D_0949,Denting,106,20,Brace,splash,120,True,1
D_0950,Denting,106,25,Brace,splash,120,True,1
D_0951,Denting,106,30,Brace,splash,120,True,1
D_0952,Denting,106,35,Brace,splash,120,True,1
D_0953,Denting,106,40,Brace,splash,120,True,1
D_0954,Denting,106,45,Brace,splash,120,True,1
D_0955,Denting,107,5,Inclined_leg,splash,120,False,7
D_0956,Denting,107,10,Inclined_leg,splash,120,False,7
D_0957,Denting,107,15,Inclined_leg,splash,120,False,7
D_0958,Denting,107,20,Inclined_leg,splash,120,False,7
D_0959,Denting,107,25,Inclined_leg,splash,120,False,7
D_0960,Denting,107,30,Inclined_leg,splash,120,False,7
D_0961,Denting,107,35,Inclined_leg,splash,120,False,7
D_0962,Denting,107,40,Inclined_leg,splash,120,False,7
D_0963,Denting,107,45,Inclined_leg,splash,120,False,7
D_0964,Denting,108,5,Brace,splash,120,True,0
D_0965,Denting,108,10,Brace,splash,120,True,0
D_0966,Denting,108,15,Brace,splash,120,True,0
D_0967,Denting,108,20,Brace,splash,120,True,0
D_0968,Denting,108,25,Brace,splash,120,True,0
D_0969,Denting,108,30,Brace,splash,120,True,0
D_0970,Denting,108,35,Brace,splash,120,True,0
D_0971,Denting,108,40,Brace,splash,120,True,0
D_0972,Denting,108,45,Brace,splash,120,True,0
D_0973,Denting,109,5,Brace,splash,120,True,1
D_0974,Denting,109,10,Brace,splash,120,True,1
D_0975,Denting,109,15,Brace,splash,120,True,1
D_0976,Denting,109,20,Brace,splash,120,True,1
D_0977,Denting,109,25,Brace,splash,120,True,1
D_0978,Denting,109,30,Brace,splash,120,True,1
D_0979,Denting,109,35,Brace,splash,120,True,1
D_0980,Denting,109,40,Brace,splash,120,True,1
D_0981,Denting,109,45,Brace,splash,120,True,1
D_0982,Denting,110,5,Brace,splash,120,True,1
D_0983,Denting,110,10,Brace,splash,120,True,1
D_0984,Denting,110,15,Brace,splash,120,True,1
D_0985,Denting,110,20,Brace,splash,120,True,1
D_0986,Denting,110,25,Brace,splash,120,True,1
D_0987,Denting,110,30,Brace,splash,120,True,1
D_0988,Denting,110,35,Brace,splash,120,True,1
D_0989,Denting,110,40,Brace,splash,120,True,1
D_0990,Denting,110,45,Brace,splash,120,True,1
D_0991,Denting,111,5,Brace,splash,120,True,1
D_0992,Denting,111,10,Brace,splash,120,True,1
D_0993,Denting,111,15,Brace,splash,120,True,1
D_0994,Denting,111,20,Brace,splash,120,True,1
D_0995,Denting,111,25,Brace,splash,120,True,1
D_0996,Denting,111,30,Brace,splash,120,True,1
D_0997,Denting,111,35,Brace,splash,120,True,1
D_0998,Denting,111,40,Brace,splash,120,True,1
D_0999,Denting,111,45,Brace,splash,120,True,1
D_1000,Denting,112,5,Inclined_leg,splash,120,False,7
D_1001,Denting,112,10,Inclined_leg,splash,120,False,7
D_1002,Denting,112,15,Inclined_leg,splash,120,False,7
D_1003,Denting,112,20,Inclined_leg,splash,120,False,7
D_1004,Denting,112,25,Inclined_leg,splash,120,False,7
D_1005,Denting,112,30,Inclined_leg,splash,120,False,7
D_1006,Denting,112,35,Inclined_leg,splash,120,False,7
D_1007,Denting,112,40,Inclined_leg,splash,120,False,7
D_1008,Denting,112,45,Inclined_leg,splash,120,False,7
D_1009,Denting,113,5,Brace,splash,120,True,0
D_1010,Denting,113,10,Brace,splash,120,True,0
D_1011,Denting,113,15,Brace,splash,120,True,0
D_1012,Denting,113,20,Brace,splash,120,True,0
D_1013,Denting,113,25,Brace,splash,120,True,0
D_1014,Denting,113,30,Brace,splash,120,True,0
D_1015,Denting,113,35,Brace,splash,120,True,0
D_1016,Denting,113,40,Brace,splash,120,True,0
D_1017,Denting,113,45,Brace,splash,120,True,0
D_1018,Denting,114,5,Brace,splash,120,True,1
D_1019,Denting,114,10,Brace,splash,120,True,1
D_1020,Denting,114,15,Brace,splash,120,True,1
D_1021,Denting,114,20,Brace,splash,120,True,1
D_1022,Denting,114,25,Brace,splash,120,True,1
D_1023,Denting,114,30,Brace,splash,120,True,1
D_1024,Denting,114,35,Brace,splash,120,True,1
D_1025,Denting,114,40,Brace,splash,120,True,1
D_1026,Denting,114,45,Brace,splash,120,True,1
D_1027,Denting,115,5,Brace,splash,120,True,1
D_1028,Denting,115,10,Brace,splash,120,True,1
D_1029,Denting,115,15,Brace,splash,120,True,1
D_1030,Denting,115,20,Brace,splash,120,True,1
D_1031,Denting,115,25,Brace,splash,120,True,1
D_1032,Denting,115,30,Brace,splash,120,True,1
D_1033,Denting,115,35,Brace,splash,120,True,1
D_1034,Denting,115,40,Brace,splash,120,True,1
D_1035,Denting,115,45,Brace,splash,120,True,1
D_1036,Denting,116,5,Brace,splash,120,True,1
D_1037,Denting,116,10,Brace,splash,120,True,1
D_1038,Denting,116,15,Brace,splash,120,True,1
D_1039,Denting,116,20,Brace,splash,120,True,1
D_1040,Denting,116,25,Brace,splash,120,True,1
D_1041,Denting,116,30,Brace,splash,120,True,1
D_1042,Denting,116,35,Brace,splash,120,True,1
D_1043,Denting,116,40,Brace,splash,120,True,1
D_1044,Denting,116,45,Brace,splash,120,True,1
D_1045,Denting,117,5,Beam,splash,120,False,10
D_1046,Denting,117,10,Beam,splash,120,False,11
D_1047,Denting,117,15,Beam,splash,120,False,13
D_1048,Denting,117,20,Beam,splash,120,False,15
D_1049,Denting,117,25,Beam,splash,120,False,19
D_1050,Denting,117,30,Beam,splash,120,False,17
D_1051,Denting,117,35,Beam,splash,120,False,20
D_1052,Denting,117,40,Beam,splash,120,False,24
D_1053,Denting,117,45,Beam,splash,120,False,16
D_1054,Denting,118,5,Beam,splash,120,False,9
D_1055,Denting,118,10,Beam,splash,120,False,12
D_1056,Denting,118,15,Beam,splash,120,False,7
D_1057,Denting,118,20,Beam,splash,120,False,14
D_1058,Denting,118,25,Beam,splash,120,False,16
D_1059,Denting,118,30,Beam,splash,120,False,21
D_1060,Denting,118,35,Beam,splash,120,False,19
D_1061,Denting,118,40,Beam,splash,120,False,24
D_1062,Denting,118,45,Beam,splash,120,False,24
D_1063,Denting,119,5,Beam,splash,120,False,5
D_1064,Denting,119,10,Beam,splash,120,False,8
D_1065,Denting,119,15,Beam,splash,120,False,11
D_1066,Denting,119,20,Beam,splash,120,False,16
D_1067,Denting,119,25,Beam,splash,120,False,23
D_1068,Denting,119,30,Beam,splash,120,False,25
D_1069,Denting,119,35,Beam,splash,120,False,16
D_1070,Denting,119,40,Beam,splash,120,False,27
D_1071,Denting,119,45,Beam,splash,120,False,19
D_1072,Denting,120,5,Beam,splash,120,False,13
D_1073,Denting,120,10,Beam,splash,120,False,13
D_1074,Denting,120,15,Beam,splash,120,False,11
D_1075,Denting,120,20,Beam,splash,120,False,13
D_1076,Denting,120,25,Beam,splash,120,False,13
D_1077,Denting,120,30,Beam,splash,120,False,13
D_1078,Denting,120,35,Beam,splash,120,False,13
D_1079,Denting,120,40,Beam,splash,120,False,13
D_1080,Denting,120,45,Beam,splash,120,False,14
C_0001,Corrosion,1,5,Inclined_leg,mudline,120,True,1
C_0002,Corrosion,1,10,Inclined_leg,mudline,120,True,1
C_0003,Corrosion,1,15,Inclined_leg,mudline,120,True,1
C_0004,Corrosion,1,20,Inclined_leg,mudline,120,True,1
C_0005,Corrosion,1,25,Inclined_leg,mudline,120,True,1
C_0006,Corrosion,1,30,Inclined_leg,mudline,120,True,1
C_0007,Corrosion,1,35,Inclined_leg,mudline,120,True,1
C_0008,Corrosion,1,40,Inclined_leg,mudline,120,True,1
C_0009,Corrosion,1,45,Inclined_leg,mudline,120,True,1
C_0010,Corrosion,1,50,Inclined_leg,mudline,120,True,1
C_0011,Corrosion,1,55,Inclined_leg,mudline,120,True,1
C_0012,Corrosion,1,60,Inclined_leg,mudline,120,True,1
C_0013,Corrosion,1,65,Inclined_leg,mudline,120,True,1
C_0014,Corrosion,1,70,Inclined_leg,mudline,120,True,1
C_0015,Corrosion,1,75,Inclined_leg,mudline,120,True,1
C_0016,Corrosion,1,80,Inclined_leg,mudline,120,True,1
C_0017,Corrosion,1,85,Inclined_leg,mudline,120,True,1
C_0018,Corrosion,1,90,Inclined_leg,mudline,120,True,1
C_0019,Corrosion,2,5,Brace,mudline,120,True,0
C_0020,Corrosion,2,10,Brace,mudline,120,True,0
C_0021,Corrosion,2,15,Brace,mudline,120,True,0
C_0022,Corrosion,2,20,Brace,mudline,120,True,0
C_0023,Corrosion,2,25,Brace,mudline,120,True,0
C_0024,Corrosion,2,30,Brace,mudline,120,True,0
C_0025,Corrosion,2,35,Brace,mudline,120,True,0
C_0026,Corrosion,2,40,Brace,mudline,120,True,0
C_0027,Corrosion,2,45,Brace,mudline,120,True,0
C_0028,Corrosion,2,50,Brace,mudline,120,True,0
C_0029,Corrosion,2,55,Brace,mudline,120,True,0
C_0030,Corrosion,2,60,Brace,mudline,120,True,0
C_0031,Corrosion,2,65,Brace,mudline,120,True,0
C_0032,Corrosion,2,70,Brace,mudline,120,True,0
C_0033,Corrosion,2,75,Brace,mudline,120,True,0
C_0034,Corrosion,2,80,Brace,mudline,120,True,0
C_0035,Corrosion,2,85,Brace,mudline,120,True,0
C_0036,Corrosion,2,90,Brace,mudline,120,True,0
C_0037,Corrosion,3,5,Brace,mudline,120,True,2
C_0038,Corrosion,3,10,Brace,mudline,120,True,2
C_0039,Corrosion,3,15,Brace,mudline,120,True,2
C_0040,Corrosion,3,20,Brace,mudline,120,True,2
C_0041,Corrosion,3,25,Brace,mudline,120,True,2
C_0042,Corrosion,3,30,Brace,mudline,120,True,2
C_0043,Corrosion,3,35,Brace,mudline,120,True,2
C_0044,Corrosion,3,40,Brace,mudline,120,True,2
C_0045,Corrosion,3,45,Brace,mudline,120,True,2
C_0046,Corrosion,3,50,Brace,mudline,120,True,2
C_0047,Corrosion,3,55,Brace,mudline,120,True,2
C_0048,Corrosion,3,60,Brace,mudline,120,True,2
C_0049,Corrosion,3,65,Brace,mudline,120,True,2
C_0050,Corrosion,3,70,Brace,mudline,120,True,2
C_0051,Corrosion,3,75,Brace,mudline,120,True,2
C_0052,Corrosion,3,80,Brace,mudline,120,True,2
C_0053,Corrosion,3,85,Brace,mudline,120,True,2
C_0054,Corrosion,3,90,Brace,mudline,120,True,2
C_0055,Corrosion,4,5,Brace,mudline,120,True,1
C_0056,Corrosion,4,10,Brace,mudline,120,True,1
C_0057,Corrosion,4,15,Brace,mudline,120,True,1
C_0058,Corrosion,4,20,Brace,mudline,120,True,1
C_0059,Corrosion,4,25,Brace,mudline,120,True,1
C_0060,Corrosion,4,30,Brace,mudline,120,True,1
C_0061,Corrosion,4,35,Brace,mudline,120,True,1
C_0062,Corrosion,4,40,Brace,mudline,120,True,1
C_0063,Corrosion,4,45,Brace,mudline,120,True,1
C_0064,Corrosion,4,50,Brace,mudline,120,True,1
C_0065,Corrosion,4,55,Brace,mudline,120,True,1
C_0066,Corrosion,4,60,Brace,mudline,120,True,1
C_0067,Corrosion,4,65,Brace,mudline,120,True,1
C_0068,Corrosion,4,70,Brace,mudline,120,True,1
C_0069,Corrosion,4,75,Brace,mudline,120,True,1
C_0070,Corrosion,4,80,Brace,mudline,120,True,1
C_0071,Corrosion,4,85,Brace,mudline,120,True,1
C_0072,Corrosion,4,90,Brace,mudline,120,True,1
C_0073,Corrosion,5,5,Brace,mudline,120,True,1
C_0074,Corrosion,5,10,Brace,mudline,120,True,1
C_0075,Corrosion,5,15,Brace,mudline,120,True,1
C_0076,Corrosion,5,20,Brace,mudline,120,True,1
C_0077,Corrosion,5,25,Brace,mudline,120,True,1
C_0078,Corrosion,5,30,Brace,mudline,120,True,1
C_0079,Corrosion,5,35,Brace,mudline,120,True,1
C_0080,Corrosion,5,40,Brace,mudline,120,True,1
C_0081,Corrosion,5,45,Brace,mudline,120,True,1
C_0082,Corrosion,5,50,Brace,mudline,120,True,1
C_0083,Corrosion,5,55,Brace,mudline,120,True,1
C_0084,Corrosion,5,60,Brace,mudline,120,True,1
C_0085,Corrosion,5,65,Brace,mudline,120,True,1
C_0086,Corrosion,5,70,Brace,mudline,120,True,1
C_0087,Corrosion,5,75,Brace,mudline,120,True,1
C_0088,Corrosion,5,80,Brace,mudline,120,True,1
C_0089,Corrosion,5,85,Brace,mudline,120,True,1
C_0090,Corrosion,5,90,Brace,mudline,120,True,1
C_0091,Corrosion,6,5,Inclined_leg,mudline,120,True,1
C_0092,Corrosion,6,10,Inclined_leg,mudline,120,True,1
C_0093,Corrosion,6,15,Inclined_leg,mudline,120,True,1
C_0094,Corrosion,6,20,Inclined_leg,mudline,120,True,1
C_0095,Corrosion,6,25,Inclined_leg,mudline,120,True,1
C_0096,Corrosion,6,30,Inclined_leg,mudline,120,True,1
C_0097,Corrosion,6,35,Inclined_leg,mudline,120,True,1
C_0098,Corrosion,6,40,Inclined_leg,mudline,120,True,1
C_0099,Corrosion,6,45,Inclined_leg,mudline,120,True,1
C_0100,Corrosion,6,50,Inclined_leg,mudline,120,True,1
C_0101,Corrosion,6,55,Inclined_leg,mudline,120,True,1
C_0102,Corrosion,6,60,Inclined_leg,mudline,120,True,1
C_0103,Corrosion,6,65,Inclined_leg,mudline,120,True,1
C_0104,Corrosion,6,70,Inclined_leg,mudline,120,True,1
C_0105,Corrosion,6,75,Inclined_leg,mudline,120,True,1
C_0106,Corrosion,6,80,Inclined_leg,mudline,120,True,1
C_0107,Corrosion,6,85,Inclined_leg,mudline,120,True,1
C_0108,Corrosion,6,90,Inclined_leg,mudline,120,True,1
C_0109,Corrosion,7,5,Brace,mudline,120,True,0
C_0110,Corrosion,7,10,Brace,mudline,120,True,0
C_0111,Corrosion,7,15,Brace,mudline,120,True,0
C_0112,Corrosion,7,20,Brace,mudline,120,True,0
C_0113,Corrosion,7,25,Brace,mudline,120,True,0
C_0114,Corrosion,7,30,Brace,mudline,120,True,0
C_0115,Corrosion,7,35,Brace,mudline,120,True,0
C_0116,Corrosion,7,40,Brace,mudline,120,True,0
C_0117,Corrosion,7,45,Brace,mudline,120,True,0
C_0118,Corrosion,7,50,Brace,mudline,120,True,0
C_0119,Corrosion,7,55,Brace,mudline,120,True,0
C_0120,Corrosion,7,60,Brace,mudline,120,True,0
C_0121,Corrosion,7,65,Brace,mudline,120,True,0
C_0122,Corrosion,7,70,Brace,mudline,120,True,0
C_0123,Corrosion,7,75,Brace,mudline,120,True,0
C_0124,Corrosion,7,80,Brace,mudline,120,True,0
C_0125,Corrosion,7,85,Brace,mudline,120,True,0
C_0126,Corrosion,7,90,Brace,mudline,120,True,0
C_0127,Corrosion,8,5,Brace,mudline,120,True,2
C_0128,Corrosion,8,10,Brace,mudline,120,True,2
C_0129,Corrosion,8,15,Brace,mudline,120,True,2
C_0130,Corrosion,8,20,Brace,mudline,120,True,2
C_0131,Corrosion,8,25,Brace,mudline,120,True,2
C_0132,Corrosion,8,30,Brace,mudline,120,True,2
C_0133,Corrosion,8,35,Brace,mudline,120,True,2
C_0134,Corrosion,8,40,Brace,mudline,120,True,2
C_0135,Corrosion,8,45,Brace,mudline,120,True,2
C_0136,Corrosion,8,50,Brace,mudline,120,True,2
C_0137,Corrosion,8,55,Brace,mudline,120,True,2
C_0138,Corrosion,8,60,Brace,mudline,120,True,2
C_0139,Corrosion,8,65,Brace,mudline,120,True,2
C_0140,Corrosion,8,70,Brace,mudline,120,True,2
C_0141,Corrosion,8,75,Brace,mudline,120,True,2
C_0142,Corrosion,8,80,Brace,mudline,120,True,2
C_0143,Corrosion,8,85,Brace,mudline,120,True,2
C_0144,Corrosion,8,90,Brace,mudline,120,True,2
C_0145,Corrosion,9,5,Brace,mudline,120,True,1
C_0146,Corrosion,9,10,Brace,mudline,120,True,1
C_0147,Corrosion,9,15,Brace,mudline,120,True,1
C_0148,Corrosion,9,20,Brace,mudline,120,True,1
C_0149,Corrosion,9,25,Brace,mudline,120,True,1
C_0150,Corrosion,9,30,Brace,mudline,120,True,1
C_0151,Corrosion,9,35,Brace,mudline,120,True,1
C_0152,Corrosion,9,40,Brace,mudline,120,True,1
C_0153,Corrosion,9,45,Brace,mudline,120,True,1
C_0154,Corrosion,9,50,Brace,mudline,120,True,1
C_0155,Corrosion,9,55,Brace,mudline,120,True,1
C_0156,Corrosion,9,60,Brace,mudline,120,True,1
C_0157,Corrosion,9,65,Brace,mudline,120,True,1
C_0158,Corrosion,9,70,Brace,mudline,120,True,1
C_0159,Corrosion,9,75,Brace,mudline,120,True,1
C_0160,Corrosion,9,80,Brace,mudline,120,True,1
C_0161,Corrosion,9,85,Brace,mudline,120,True,1
C_0162,Corrosion,9,90,Brace,mudline,120,True,1
C_0163,Corrosion,10,5,Brace,mudline,120,True,2
C_0164,Corrosion,10,10,Brace,mudline,120,True,2
C_0165,Corrosion,10,15,Brace,mudline,120,True,2
C_0166,Corrosion,10,20,Brace,mudline,120,True,2
C_0167,Corrosion,10,25,Brace,mudline,120,True,2
C_0168,Corrosion,10,30,Brace,mudline,120,True,2
C_0169,Corrosion,10,35,Brace,mudline,120,True,2
C_0170,Corrosion,10,40,Brace,mudline,120,True,2
C_0171,Corrosion,10,45,Brace,mudline,120,True,1
C_0172,Corrosion,10,50,Brace,mudline,120,True,1
C_0173,Corrosion,10,55,Brace,mudline,120,True,1
C_0174,Corrosion,10,60,Brace,mudline,120,True,1
C_0175,Corrosion,10,65,Brace,mudline,120,True,1
C_0176,Corrosion,10,70,Brace,mudline,120,True,1
C_0177,Corrosion,10,75,Brace,mudline,120,True,1
C_0178,Corrosion,10,80,Brace,mudline,120,True,1
C_0179,Corrosion,10,85,Brace,mudline,120,True,1
C_0180,Corrosion,10,90,Brace,mudline,120,True,1
C_0181,Corrosion,11,5,Inclined_leg,mudline,120,True,1
C_0182,Corrosion,11,10,Inclined_leg,mudline,120,True,1
C_0183,Corrosion,11,15,Inclined_leg,mudline,120,True,1
C_0184,Corrosion,11,20,Inclined_leg,mudline,120,True,1
C_0185,Corrosion,11,25,Inclined_leg,mudline,120,True,1
C_0186,Corrosion,11,30,Inclined_leg,mudline,120,True,1
C_0187,Corrosion,11,35,Inclined_leg,mudline,120,True,1
C_0188,Corrosion,11,40,Inclined_leg,mudline,120,True,1
C_0189,Corrosion,11,45,Inclined_leg,mudline,120,True,1
C_0190,Corrosion,11,50,Inclined_leg,mudline,120,True,1
C_0191,Corrosion,11,55,Inclined_leg,mudline,120,True,1
C_0192,Corrosion,11,60,Inclined_leg,mudline,120,True,1
C_0193,Corrosion,11,65,Inclined_leg,mudline,120,True,1
C_0194,Corrosion,11,70,Inclined_leg,mudline,120,True,1
C_0195,Corrosion,11,75,Inclined_leg,mudline,120,True,1
C_0196,Corrosion,11,80,Inclined_leg,mudline,120,True,1
C_0197,Corrosion,11,85,Inclined_leg,mudline,120,True,1
C_0198,Corrosion,11,90,Inclined_leg,mudline,120,True,1
C_0199,Corrosion,12,5,Brace,mudline,120,True,0
C_0200,Corrosion,12,10,Brace,mudline,120,True,0
C_0201,Corrosion,12,15,Brace,mudline,120,True,0
C_0202,Corrosion,12,20,Brace,mudline,120,True,0
C_0203,Corrosion,12,25,Brace,mudline,120,True,0
C_0204,Corrosion,12,30,Brace,mudline,120,True,0
C_0205,Corrosion,12,35,Brace,mudline,120,True,0
C_0206,Corrosion,12,40,Brace,mudline,120,True,0
C_0207,Corrosion,12,45,Brace,mudline,120,True,0
C_0208,Corrosion,12,50,Brace,mudline,120,True,0
C_0209,Corrosion,12,55,Brace,mudline,120,True,0
C_0210,Corrosion,12,60,Brace,mudline,120,True,0
C_0211,Corrosion,12,65,Brace,mudline,120,True,0
C_0212,Corrosion,12,70,Brace,mudline,120,True,0
C_0213,Corrosion,12,75,Brace,mudline,120,True,0
C_0214,Corrosion,12,80,Brace,mudline,120,True,0
C_0215,Corrosion,12,85,Brace,mudline,120,True,0
C_0216,Corrosion,12,90,Brace,mudline,120,True,0
C_0217,Corrosion,13,5,Brace,mudline,120,True,2
C_0218,Corrosion,13,10,Brace,mudline,120,True,2
C_0219,Corrosion,13,15,Brace,mudline,120,True,2
C_0220,Corrosion,13,20,Brace,mudline,120,True,2
C_0221,Corrosion,13,25,Brace,mudline,120,True,2
C_0222,Corrosion,13,30,Brace,mudline,120,True,2
C_0223,Corrosion,13,35,Brace,mudline,120,True,3
C_0224,Corrosion,13,40,Brace,mudline,120,True,3
C_0225,Corrosion,13,45,Brace,mudline,120,True,3
C_0226,Corrosion,13,50,Brace,mudline,120,True,3
C_0227,Corrosion,13,55,Brace,mudline,120,True,2
C_0228,Corrosion,13,60,Brace,mudline,120,True,2
C_0229,Corrosion,13,65,Brace,mudline,120,True,2
C_0230,Corrosion,13,70,Brace,mudline,120,True,2
C_0231,Corrosion,13,75,Brace,mudline,120,True,2
C_0232,Corrosion,13,80,Brace,mudline,120,True,2
C_0233,Corrosion,13,85,Brace,mudline,120,True,2
C_0234,Corrosion,13,90,Brace,mudline,120,True,2
C_0235,Corrosion,14,5,Brace,mudline,120,True,2
C_0236,Corrosion,14,10,Brace,mudline,120,True,2
C_0237,Corrosion,14,15,Brace,mudline,120,True,1
C_0238,Corrosion,14,20,Brace,mudline,120,True,1
C_0239,Corrosion,14,25,Brace,mudline,120,True,1
C_0240,Corrosion,14,30,Brace,mudline,120,True,1
C_0241,Corrosion,14,35,Brace,mudline,120,True,1
C_0242,Corrosion,14,40,Brace,mudline,120,True,1
C_0243,Corrosion,14,45,Brace,mudline,120,True,1
C_0244,Corrosion,14,50,Brace,mudline,120,True,1
C_0245,Corrosion,14,55,Brace,mudline,120,True,1
C_0246,Corrosion,14,60,Brace,mudline,120,True,1
C_0247,Corrosion,14,65,Brace,mudline,120,True,1
C_0248,Corrosion,14,70,Brace,mudline,120,True,1
C_0249,Corrosion,14,75,Brace,mudline,120,True,1
C_0250,Corrosion,14,80,Brace,mudline,120,True,1
C_0251,Corrosion,14,85,Brace,mudline,120,True,1
C_0252,Corrosion,14,90,Brace,mudline,120,True,1
C_0253,Corrosion,15,5,Brace,mudline,120,True,2
C_0254,Corrosion,15,10,Brace,mudline,120,True,2
C_0255,Corrosion,15,15,Brace,mudline,120,True,2
C_0256,Corrosion,15,20,Brace,mudline,120,True,2
C_0257,Corrosion,15,25,Brace,mudline,120,True,2
C_0258,Corrosion,15,30,Brace,mudline,120,True,2
C_0259,Corrosion,15,35,Brace,mudline,120,True,2
C_0260,Corrosion,15,40,Brace,mudline,120,True,2
C_0261,Corrosion,15,45,Brace,mudline,120,True,2
C_0262,Corrosion,15,50,Brace,mudline,120,True,2
C_0263,Corrosion,15,55,Brace,mudline,120,True,2
C_0264,Corrosion,15,60,Brace,mudline,120,True,2
C_0265,Corrosion,15,65,Brace,mudline,120,True,2
C_0266,Corrosion,15,70,Brace,mudline,120,True,1
C_0267,Corrosion,15,75,Brace,mudline,120,True,1
C_0268,Corrosion,15,80,Brace,mudline,120,True,1
C_0269,Corrosion,15,85,Brace,mudline,120,True,1
C_0270,Corrosion,15,90,Brace,mudline,120,True,1
C_0271,Corrosion,16,5,Inclined_leg,mudline,120,True,1
C_0272,Corrosion,16,10,Inclined_leg,mudline,120,True,1
C_0273,Corrosion,16,15,Inclined_leg,mudline,120,True,1
C_0274,Corrosion,16,20,Inclined_leg,mudline,120,True,1
C_0275,Corrosion,16,25,Inclined_leg,mudline,120,True,1
C_0276,Corrosion,16,30,Inclined_leg,mudline,120,True,1
C_0277,Corrosion,16,35,Inclined_leg,mudline,120,True,1
C_0278,Corrosion,16,40,Inclined_leg,mudline,120,True,1
C_0279,Corrosion,16,45,Inclined_leg,mudline,120,True,1
C_0280,Corrosion,16,50,Inclined_leg,mudline,120,True,1
C_0281,Corrosion,16,55,Inclined_leg,mudline,120,True,1
C_0282,Corrosion,16,60,Inclined_leg,mudline,120,True,1
C_0283,Corrosion,16,65,Inclined_leg,mudline,120,True,1
C_0284,Corrosion,16,70,Inclined_leg,mudline,120,True,1
C_0285,Corrosion,16,75,Inclined_leg,mudline,120,True,1
C_0286,Corrosion,16,80,Inclined_leg,mudline,120,True,1
C_0287,Corrosion,16,85,Inclined_leg,mudline,120,True,1
C_0288,Corrosion,16,90,Inclined_leg,mudline,120,True,1
C_0289,Corrosion,17,5,Brace,mudline,120,True,0
C_0290,Corrosion,17,10,Brace,mudline,120,True,0
C_0291,Corrosion,17,15,Brace,mudline,120,True,0
C_0292,Corrosion,17,20,Brace,mudline,120,True,0
C_0293,Corrosion,17,25,Brace,mudline,120,True,0
C_0294,Corrosion,17,30,Brace,mudline,120,True,0
C_0295,Corrosion,17,35,Brace,mudline,120,True,0
C_0296,Corrosion,17,40,Brace,mudline,120,True,0
C_0297,Corrosion,17,45,Brace,mudline,120,True,0
C_0298,Corrosion,17,50,Brace,mudline,120,True,0
C_0299,Corrosion,17,55,Brace,mudline,120,True,0
C_0300,Corrosion,17,60,Brace,mudline,120,True,0
C_0301,Corrosion,17,65,Brace,mudline,120,True,0
C_0302,Corrosion,17,70,Brace,mudline,120,True,0
C_0303,Corrosion,17,75,Brace,mudline,120,True,0
C_0304,Corrosion,17,80,Brace,mudline,120,True,0
C_0305,Corrosion,17,85,Brace,mudline,120,True,0
C_0306,Corrosion,17,90,Brace,mudline,120,True,0
C_0307,Corrosion,18,5,Brace,mudline,120,True,2
C_0308,Corrosion,18,10,Brace,mudline,120,True,2
C_0309,Corrosion,18,15,Brace,mudline,120,True,2
C_0310,Corrosion,18,20,Brace,mudline,120,True,2
C_0311,Corrosion,18,25,Brace,mudline,120,True,2
C_0312,Corrosion,18,30,Brace,mudline,120,True,2
C_0313,Corrosion,18,35,Brace,mudline,120,True,2
C_0314,Corrosion,18,40,Brace,mudline,120,True,2
C_0315,Corrosion,18,45,Brace,mudline,120,True,2
C_0316,Corrosion,18,50,Brace,mudline,120,True,2
C_0317,Corrosion,18,55,Brace,mudline,120,True,2
C_0318,Corrosion,18,60,Brace,mudline,120,True,2
C_0319,Corrosion,18,65,Brace,mudline,120,True,2
C_0320,Corrosion,18,70,Brace,mudline,120,True,2
C_0321,Corrosion,18,75,Brace,mudline,120,True,2
C_0322,Corrosion,18,80,Brace,mudline,120,True,2
C_0323,Corrosion,18,85,Brace,mudline,120,True,2
C_0324,Corrosion,18,90,Brace,mudline,120,True,2
C_0325,Corrosion,19,5,Brace,mudline,120,True,1
C_0326,Corrosion,19,10,Brace,mudline,120,True,1
C_0327,Corrosion,19,15,Brace,mudline,120,True,1
C_0328,Corrosion,19,20,Brace,mudline,120,True,1
C_0329,Corrosion,19,25,Brace,mudline,120,True,1
C_0330,Corrosion,19,30,Brace,mudline,120,True,1
C_0331,Corrosion,19,35,Brace,mudline,120,True,1
C_0332,Corrosion,19,40,Brace,mudline,120,True,1
C_0333,Corrosion,19,45,Brace,mudline,120,True,1
C_0334,Corrosion,19,50,Brace,mudline,120,True,1
C_0335,Corrosion,19,55,Brace,mudline,120,True,1
C_0336,Corrosion,19,60,Brace,mudline,120,True,1
C_0337,Corrosion,19,65,Brace,mudline,120,True,1
C_0338,Corrosion,19,70,Brace,mudline,120,True,1
C_0339,Corrosion,19,75,Brace,mudline,120,True,1
C_0340,Corrosion,19,80,Brace,mudline,120,True,1
C_0341,Corrosion,19,85,Brace,mudline,120,True,1
C_0342,Corrosion,19,90,Brace,mudline,120,True,1
C_0343,Corrosion,20,5,Brace,mudline,120,True,1
C_0344,Corrosion,20,10,Brace,mudline,120,True,1
C_0345,Corrosion,20,15,Brace,mudline,120,True,1
C_0346,Corrosion,20,20,Brace,mudline,120,True,1
C_0347,Corrosion,20,25,Brace,mudline,120,True,1
C_0348,Corrosion,20,30,Brace,mudline,120,True,1
C_0349,Corrosion,20,35,Brace,mudline,120,True,1
C_0350,Corrosion,20,40,Brace,mudline,120,True,1
C_0351,Corrosion,20,45,Brace,mudline,120,True,1
C_0352,Corrosion,20,50,Brace,mudline,120,True,1
C_0353,Corrosion,20,55,Brace,mudline,120,True,1
C_0354,Corrosion,20,60,Brace,mudline,120,True,1
C_0355,Corrosion,20,65,Brace,mudline,120,True,1
C_0356,Corrosion,20,70,Brace,mudline,120,True,1
C_0357,Corrosion,20,75,Brace,mudline,120,True,1
C_0358,Corrosion,20,80,Brace,mudline,120,True,1
C_0359,Corrosion,20,85,Brace,mudline,120,True,1
C_0360,Corrosion,20,90,Brace,mudline,120,True,1
C_0361,Corrosion,21,5,Beam,mudline,120,False,0
C_0362,Corrosion,21,10,Beam,mudline,120,False,0
C_0363,Corrosion,21,15,Beam,mudline,120,False,0
C_0364,Corrosion,21,20,Beam,mudline,120,False,0
C_0365,Corrosion,21,25,Beam,mudline,120,False,0
C_0366,Corrosion,21,30,Beam,mudline,120,False,0
C_0367,Corrosion,21,35,Beam,mudline,120,False,0
C_0368,Corrosion,21,40,Beam,mudline,120,False,0
C_0369,Corrosion,21,45,Beam,mudline,120,False,0
C_0370,Corrosion,21,50,Beam,mudline,120,False,0
C_0371,Corrosion,21,55,Beam,mudline,120,False,0
C_0372,Corrosion,21,60,Beam,mudline,120,False,0
C_0373,Corrosion,21,65,Beam,mudline,120,False,0
C_0374,Corrosion,21,70,Beam,mudline,120,False,0
C_0375,Corrosion,21,75,Beam,mudline,120,False,0
C_0376,Corrosion,21,80,Beam,mudline,120,False,0
C_0377,Corrosion,21,85,Beam,mudline,120,False,0
C_0378,Corrosion,21,90,Beam,mudline,120,False,0
C_0379,Corrosion,22,5,Beam,mudline,120,False,0
C_0380,Corrosion,22,10,Beam,mudline,120,False,0
C_0381,Corrosion,22,15,Beam,mudline,120,False,0
C_0382,Corrosion,22,20,Beam,mudline,120,False,0
C_0383,Corrosion,22,25,Beam,mudline,120,False,0
C_0384,Corrosion,22,30,Beam,mudline,120,False,0
C_0385,Corrosion,22,35,Beam,mudline,120,False,0
C_0386,Corrosion,22,40,Beam,mudline,120,False,0
C_0387,Corrosion,22,45,Beam,mudline,120,False,0
C_0388,Corrosion,22,50,Beam,mudline,120,False,0
C_0389,Corrosion,22,55,Beam,mudline,120,False,0
C_0390,Corrosion,22,60,Beam,mudline,120,False,0
C_0391,Corrosion,22,65,Beam,mudline,120,False,0
C_0392,Corrosion,22,70,Beam,mudline,120,False,0
C_0393,Corrosion,22,75,Beam,mudline,120,False,0
C_0394,Corrosion,22,80,Beam,mudline,120,False,0
C_0395,Corrosion,22,85,Beam,mudline,120,False,0
C_0396,Corrosion,22,90,Beam,mudline,120,False,0
C_0397,Corrosion,23,5,Beam,mudline,120,False,0
C_0398,Corrosion,23,10,Beam,mudline,120,False,0
C_0399,Corrosion,23,15,Beam,mudline,120,False,0
C_0400,Corrosion,23,20,Beam,mudline,120,False,0
C_0401,Corrosion,23,25,Beam,mudline,120,False,0
C_0402,Corrosion,23,30,Beam,mudline,120,False,0
C_0403,Corrosion,23,35,Beam,mudline,120,False,0
C_0404,Corrosion,23,40,Beam,mudline,120,False,0
C_0405,Corrosion,23,45,Beam,mudline,120,False,0
C_0406,Corrosion,23,50,Beam,mudline,120,False,0
C_0407,Corrosion,23,55,Beam,mudline,120,False,0
C_0408,Corrosion,23,60,Beam,mudline,120,False,0
C_0409,Corrosion,23,65,Beam,mudline,120,False,0
C_0410,Corrosion,23,70,Beam,mudline,120,False,0
C_0411,Corrosion,23,75,Beam,mudline,120,False,0
C_0412,Corrosion,23,80,Beam,mudline,120,False,0
C_0413,Corrosion,23,85,Beam,mudline,120,False,0
C_0414,Corrosion,23,90,Beam,mudline,120,False,0
C_0415,Corrosion,24,5,Beam,mudline,120,False,0
C_0416,Corrosion,24,10,Beam,mudline,120,False,0
C_0417,Corrosion,24,15,Beam,mudline,120,False,0
C_0418,Corrosion,24,20,Beam,mudline,120,False,0
C_0419,Corrosion,24,25,Beam,mudline,120,False,0
C_0420,Corrosion,24,30,Beam,mudline,120,False,0
C_0421,Corrosion,24,35,Beam,mudline,120,False,0
C_0422,Corrosion,24,40,Beam,mudline,120,False,0
C_0423,Corrosion,24,45,Beam,mudline,120,False,0
C_0424,Corrosion,24,50,Beam,mudline,120,False,0
C_0425,Corrosion,24,55,Beam,mudline,120,False,0
C_0426,Corrosion,24,60,Beam,mudline,120,False,0
C_0427,Corrosion,24,65,Beam,mudline,120,False,0
C_0428,Corrosion,24,70,Beam,mudline,120,False,0
C_0429,Corrosion,24,75,Beam,mudline,120,False,0
C_0430,Corrosion,24,80,Beam,mudline,120,False,0
C_0431,Corrosion,24,85,Beam,mudline,120,False,0
C_0432,Corrosion,24,90,Beam,mudline,120,False,0
C_0433,Corrosion,25,5,Inclined_leg,sub1,120,True,2
C_0434,Corrosion,25,10,Inclined_leg,sub1,120,True,2
C_0435,Corrosion,25,15,Inclined_leg,sub1,120,True,2
C_0436,Corrosion,25,20,Inclined_leg,sub1,120,True,2
C_0437,Corrosion,25,25,Inclined_leg,sub1,120,True,2
C_0438,Corrosion,25,30,Inclined_leg,sub1,120,True,2
C_0439,Corrosion,25,35,Inclined_leg,sub1,120,True,2
C_0440,Corrosion,25,40,Inclined_leg,sub1,120,True,2
C_0441,Corrosion,25,45,Inclined_leg,sub1,120,True,2
C_0442,Corrosion,25,50,Inclined_leg,sub1,120,True,2
C_0443,Corrosion,25,55,Inclined_leg,sub1,120,True,1
C_0444,Corrosion,25,60,Inclined_leg,sub1,120,True,1
C_0445,Corrosion,25,65,Inclined_leg,sub1,120,True,1
C_0446,Corrosion,25,70,Inclined_leg,sub1,120,True,1
C_0447,Corrosion,25,75,Inclined_leg,sub1,120,True,1
C_0448,Corrosion,25,80,Inclined_leg,sub1,120,True,1
C_0449,Corrosion,25,85,Inclined_leg,sub1,120,True,1
C_0450,Corrosion,25,90,Inclined_leg,sub1,120,True,1
C_0451,Corrosion,26,5,Brace,sub1,120,True,0
C_0452,Corrosion,26,10,Brace,sub1,120,True,0
C_0453,Corrosion,26,15,Brace,sub1,120,True,0
C_0454,Corrosion,26,20,Brace,sub1,120,True,0
C_0455,Corrosion,26,25,Brace,sub1,120,True,0
C_0456,Corrosion,26,30,Brace,sub1,120,True,0
C_0457,Corrosion,26,35,Brace,sub1,120,True,0
C_0458,Corrosion,26,40,Brace,sub1,120,True,0
C_0459,Corrosion,26,45,Brace,sub1,120,True,0
C_0460,Corrosion,26,50,Brace,sub1,120,True,0
C_0461,Corrosion,26,55,Brace,sub1,120,True,0
C_0462,Corrosion,26,60,Brace,sub1,120,True,0
C_0463,Corrosion,26,65,Brace,sub1,120,True,0
C_0464,Corrosion,26,70,Brace,sub1,120,True,0
C_0465,Corrosion,26,75,Brace,sub1,120,True,0
C_0466,Corrosion,26,80,Brace,sub1,120,True,0
C_0467,Corrosion,26,85,Brace,sub1,120,True,0
C_0468,Corrosion,26,90,Brace,sub1,120,True,0
C_0469,Corrosion,27,5,Brace,sub1,120,True,1
C_0470,Corrosion,27,10,Brace,sub1,120,True,1
C_0471,Corrosion,27,15,Brace,sub1,120,True,1
C_0472,Corrosion,27,20,Brace,sub1,120,True,1
C_0473,Corrosion,27,25,Brace,sub1,120,True,1
C_0474,Corrosion,27,30,Brace,sub1,120,True,1
C_0475,Corrosion,27,35,Brace,sub1,120,True,1
C_0476,Corrosion,27,40,Brace,sub1,120,True,1
C_0477,Corrosion,27,45,Brace,sub1,120,True,1
C_0478,Corrosion,27,50,Brace,sub1,120,True,1
C_0479,Corrosion,27,55,Brace,sub1,120,True,1
C_0480,Corrosion,27,60,Brace,sub1,120,True,1
C_0481,Corrosion,27,65,Brace,sub1,120,True,1
C_0482,Corrosion,27,70,Brace,sub1,120,True,1
C_0483,Corrosion,27,75,Brace,sub1,120,True,1
C_0484,Corrosion,27,80,Brace,sub1,120,True,1
C_0485,Corrosion,27,85,Brace,sub1,120,True,1
C_0486,Corrosion,27,90,Brace,sub1,120,True,1
C_0487,Corrosion,28,5,Brace,sub1,120,True,1
C_0488,Corrosion,28,10,Brace,sub1,120,True,1
C_0489,Corrosion,28,15,Brace,sub1,120,True,1
C_0490,Corrosion,28,20,Brace,sub1,120,True,1
C_0491,Corrosion,28,25,Brace,sub1,120,True,1
C_0492,Corrosion,28,30,Brace,sub1,120,True,1
C_0493,Corrosion,28,35,Brace,sub1,120,True,1
C_0494,Corrosion,28,40,Brace,sub1,120,True,1
C_0495,Corrosion,28,45,Brace,sub1,120,True,1
C_0496,Corrosion,28,50,Brace,sub1,120,True,1
C_0497,Corrosion,28,55,Brace,sub1,120,True,1
C_0498,Corrosion,28,60,Brace,sub1,120,True,1
C_0499,Corrosion,28,65,Brace,sub1,120,True,1
C_0500,Corrosion,28,70,Brace,sub1,120,True,1
C_0501,Corrosion,28,75,Brace,sub1,120,True,1
C_0502,Corrosion,28,80,Brace,sub1,120,True,1
C_0503,Corrosion,28,85,Brace,sub1,120,True,1
C_0504,Corrosion,28,90,Brace,sub1,120,True,1
C_0505,Corrosion,29,5,Brace,sub1,120,True,1
C_0506,Corrosion,29,10,Brace,sub1,120,True,1
C_0507,Corrosion,29,15,Brace,sub1,120,True,1
C_0508,Corrosion,29,20,Brace,sub1,120,True,1
C_0509,Corrosion,29,25,Brace,sub1,120,True,1
C_0510,Corrosion,29,30,Brace,sub1,120,True,1
C_0511,Corrosion,29,35,Brace,sub1,120,True,1
C_0512,Corrosion,29,40,Brace,sub1,120,True,1
C_0513,Corrosion,29,45,Brace,sub1,120,True,1
C_0514,Corrosion,29,50,Brace,sub1,120,True,1
C_0515,Corrosion,29,55,Brace,sub1,120,True,1
C_0516,Corrosion,29,60,Brace,sub1,120,True,1
C_0517,Corrosion,29,65,Brace,sub1,120,True,1
C_0518,Corrosion,29,70,Brace,sub1,120,True,1
C_0519,Corrosion,29,75,Brace,sub1,120,True,1
C_0520,Corrosion,29,80,Brace,sub1,120,True,1
C_0521,Corrosion,29,85,Brace,sub1,120,True,1
C_0522,Corrosion,29,90,Brace,sub1,120,True,1
C_0523,Corrosion,30,5,Inclined_leg,sub1,120,True,2
C_0524,Corrosion,30,10,Inclined_leg,sub1,120,True,2
C_0525,Corrosion,30,15,Inclined_leg,sub1,120,True,2
C_0526,Corrosion,30,20,Inclined_leg,sub1,120,True,2
C_0527,Corrosion,30,25,Inclined_leg,sub1,120,True,2
C_0528,Corrosion,30,30,Inclined_leg,sub1,120,True,2
C_0529,Corrosion,30,35,Inclined_leg,sub1,120,True,2
C_0530,Corrosion,30,40,Inclined_leg,sub1,120,True,2
C_0531,Corrosion,30,45,Inclined_leg,sub1,120,True,2
C_0532,Corrosion,30,50,Inclined_leg,sub1,120,True,2
C_0533,Corrosion,30,55,Inclined_leg,sub1,120,True,1
C_0534,Corrosion,30,60,Inclined_leg,sub1,120,True,1
C_0535,Corrosion,30,65,Inclined_leg,sub1,120,True,1
C_0536,Corrosion,30,70,Inclined_leg,sub1,120,True,1
C_0537,Corrosion,30,75,Inclined_leg,sub1,120,True,1
C_0538,Corrosion,30,80,Inclined_leg,sub1,120,True,1
C_0539,Corrosion,30,85,Inclined_leg,sub1,120,True,1
C_0540,Corrosion,30,90,Inclined_leg,sub1,120,True,1
C_0541,Corrosion,31,5,Brace,sub1,120,True,0
C_0542,Corrosion,31,10,Brace,sub1,120,True,0
C_0543,Corrosion,31,15,Brace,sub1,120,True,0
C_0544,Corrosion,31,20,Brace,sub1,120,True,0
C_0545,Corrosion,31,25,Brace,sub1,120,True,0
C_0546,Corrosion,31,30,Brace,sub1,120,True,0
C_0547,Corrosion,31,35,Brace,sub1,120,True,0
C_0548,Corrosion,31,40,Brace,sub1,120,True,0
C_0549,Corrosion,31,45,Brace,sub1,120,True,0
C_0550,Corrosion,31,50,Brace,sub1,120,True,0
C_0551,Corrosion,31,55,Brace,sub1,120,True,0
C_0552,Corrosion,31,60,Brace,sub1,120,True,0
C_0553,Corrosion,31,65,Brace,sub1,120,True,0
C_0554,Corrosion,31,70,Brace,sub1,120,True,0
C_0555,Corrosion,31,75,Brace,sub1,120,True,0
C_0556,Corrosion,31,80,Brace,sub1,120,True,0
C_0557,Corrosion,31,85,Brace,sub1,120,True,0
C_0558,Corrosion,31,90,Brace,sub1,120,True,0
C_0559,Corrosion,32,5,Brace,sub1,120,True,1
C_0560,Corrosion,32,10,Brace,sub1,120,True,1
C_0561,Corrosion,32,15,Brace,sub1,120,True,1
C_0562,Corrosion,32,20,Brace,sub1,120,True,1
C_0563,Corrosion,32,25,Brace,sub1,120,True,1
C_0564,Corrosion,32,30,Brace,sub1,120,True,1
C_0565,Corrosion,32,35,Brace,sub1,120,True,1
C_0566,Corrosion,32,40,Brace,sub1,120,True,1
C_0567,Corrosion,32,45,Brace,sub1,120,True,1
C_0568,Corrosion,32,50,Brace,sub1,120,True,1
C_0569,Corrosion,32,55,Brace,sub1,120,True,1
C_0570,Corrosion,32,60,Brace,sub1,120,True,1
C_0571,Corrosion,32,65,Brace,sub1,120,True,1
C_0572,Corrosion,32,70,Brace,sub1,120,True,1
C_0573,Corrosion,32,75,Brace,sub1,120,True,1
C_0574,Corrosion,32,80,Brace,sub1,120,True,1
C_0575,Corrosion,32,85,Brace,sub1,120,True,1
C_0576,Corrosion,32,90,Brace,sub1,120,True,1
C_0577,Corrosion,33,5,Brace,sub1,120,True,1
C_0578,Corrosion,33,10,Brace,sub1,120,True,1
C_0579,Corrosion,33,15,Brace,sub1,120,True,1
C_0580,Corrosion,33,20,Brace,sub1,120,True,1
C_0581,Corrosion,33,25,Brace,sub1,120,True,1
C_0582,Corrosion,33,30,Brace,sub1,120,True,1
C_0583,Corrosion,33,35,Brace,sub1,120,True,1
C_0584,Corrosion,33,40,Brace,sub1,120,True,1
C_0585,Corrosion,33,45,Brace,sub1,120,True,1
C_0586,Corrosion,33,50,Brace,sub1,120,True,1
C_0587,Corrosion,33,55,Brace,sub1,120,True,1
C_0588,Corrosion,33,60,Brace,sub1,120,True,1
C_0589,Corrosion,33,65,Brace,sub1,120,True,1
C_0590,Corrosion,33,70,Brace,sub1,120,True,1
C_0591,Corrosion,33,75,Brace,sub1,120,True,1
C_0592,Corrosion,33,80,Brace,sub1,120,True,1
C_0593,Corrosion,33,85,Brace,sub1,120,True,1
C_0594,Corrosion,33,90,Brace,sub1,120,True,1
C_0595,Corrosion,34,5,Brace,sub1,120,True,1
C_0596,Corrosion,34,10,Brace,sub1,120,True,1
C_0597,Corrosion,34,15,Brace,sub1,120,True,1
C_0598,Corrosion,34,20,Brace,sub1,120,True,1
C_0599,Corrosion,34,25,Brace,sub1,120,True,1
C_0600,Corrosion,34,30,Brace,sub1,120,True,1
C_0601,Corrosion,34,35,Brace,sub1,120,True,1
C_0602,Corrosion,34,40,Brace,sub1,120,True,1
C_0603,Corrosion,34,45,Brace,sub1,120,True,1
C_0604,Corrosion,34,50,Brace,sub1,120,True,1
C_0605,Corrosion,34,55,Brace,sub1,120,True,1
C_0606,Corrosion,34,60,Brace,sub1,120,True,1
C_0607,Corrosion,34,65,Brace,sub1,120,True,1
C_0608,Corrosion,34,70,Brace,sub1,120,True,1
C_0609,Corrosion,34,75,Brace,sub1,120,True,1
C_0610,Corrosion,34,80,Brace,sub1,120,True,1
C_0611,Corrosion,34,85,Brace,sub1,120,True,1
C_0612,Corrosion,34,90,Brace,sub1,120,True,1
C_0613,Corrosion,35,5,Inclined_leg,sub1,120,True,2
C_0614,Corrosion,35,10,Inclined_leg,sub1,120,True,2
C_0615,Corrosion,35,15,Inclined_leg,sub1,120,True,2
C_0616,Corrosion,35,20,Inclined_leg,sub1,120,True,2
C_0617,Corrosion,35,25,Inclined_leg,sub1,120,True,2
C_0618,Corrosion,35,30,Inclined_leg,sub1,120,True,2
C_0619,Corrosion,35,35,Inclined_leg,sub1,120,True,2
C_0620,Corrosion,35,40,Inclined_leg,sub1,120,True,2
C_0621,Corrosion,35,45,Inclined_leg,sub1,120,True,2
C_0622,Corrosion,35,50,Inclined_leg,sub1,120,True,2
C_0623,Corrosion,35,55,Inclined_leg,sub1,120,True,1
C_0624,Corrosion,35,60,Inclined_leg,sub1,120,True,1
C_0625,Corrosion,35,65,Inclined_leg,sub1,120,True,1
C_0626,Corrosion,35,70,Inclined_leg,sub1,120,True,1
C_0627,Corrosion,35,75,Inclined_leg,sub1,120,True,1
C_0628,Corrosion,35,80,Inclined_leg,sub1,120,True,1
C_0629,Corrosion,35,85,Inclined_leg,sub1,120,True,1
C_0630,Corrosion,35,90,Inclined_leg,sub1,120,True,1
C_0631,Corrosion,36,5,Brace,sub1,120,True,0
C_0632,Corrosion,36,10,Brace,sub1,120,True,0
C_0633,Corrosion,36,15,Brace,sub1,120,True,0
C_0634,Corrosion,36,20,Brace,sub1,120,True,0
C_0635,Corrosion,36,25,Brace,sub1,120,True,0
C_0636,Corrosion,36,30,Brace,sub1,120,True,0
C_0637,Corrosion,36,35,Brace,sub1,120,True,0
C_0638,Corrosion,36,40,Brace,sub1,120,True,0
C_0639,Corrosion,36,45,Brace,sub1,120,True,0
C_0640,Corrosion,36,50,Brace,sub1,120,True,0
C_0641,Corrosion,36,55,Brace,sub1,120,True,0
C_0642,Corrosion,36,60,Brace,sub1,120,True,0
C_0643,Corrosion,36,65,Brace,sub1,120,True,0
C_0644,Corrosion,36,70,Brace,sub1,120,True,0
C_0645,Corrosion,36,75,Brace,sub1,120,True,0
C_0646,Corrosion,36,80,Brace,sub1,120,True,0
C_0647,Corrosion,36,85,Brace,sub1,120,True,0
C_0648,Corrosion,36,90,Brace,sub1,120,True,0
C_0649,Corrosion,37,5,Brace,sub1,120,True,1
C_0650,Corrosion,37,10,Brace,sub1,120,True,1
C_0651,Corrosion,37,15,Brace,sub1,120,True,1
C_0652,Corrosion,37,20,Brace,sub1,120,True,1
C_0653,Corrosion,37,25,Brace,sub1,120,True,1
C_0654,Corrosion,37,30,Brace,sub1,120,True,1
C_0655,Corrosion,37,35,Brace,sub1,120,True,1
C_0656,Corrosion,37,40,Brace,sub1,120,True,1
C_0657,Corrosion,37,45,Brace,sub1,120,True,1
C_0658,Corrosion,37,50,Brace,sub1,120,True,1
C_0659,Corrosion,37,55,Brace,sub1,120,True,1
C_0660,Corrosion,37,60,Brace,sub1,120,True,1
C_0661,Corrosion,37,65,Brace,sub1,120,True,1
C_0662,Corrosion,37,70,Brace,sub1,120,True,1
C_0663,Corrosion,37,75,Brace,sub1,120,True,1
C_0664,Corrosion,37,80,Brace,sub1,120,True,1
C_0665,Corrosion,37,85,Brace,sub1,120,True,1
C_0666,Corrosion,37,90,Brace,sub1,120,True,1
C_0667,Corrosion,38,5,Brace,sub1,120,True,1
C_0668,Corrosion,38,10,Brace,sub1,120,True,1
C_0669,Corrosion,38,15,Brace,sub1,120,True,1
C_0670,Corrosion,38,20,Brace,sub1,120,True,1
C_0671,Corrosion,38,25,Brace,sub1,120,True,1
C_0672,Corrosion,38,30,Brace,sub1,120,True,1
C_0673,Corrosion,38,35,Brace,sub1,120,True,1
C_0674,Corrosion,38,40,Brace,sub1,120,True,1
C_0675,Corrosion,38,45,Brace,sub1,120,True,1
C_0676,Corrosion,38,50,Brace,sub1,120,True,1
C_0677,Corrosion,38,55,Brace,sub1,120,True,1
C_0678,Corrosion,38,60,Brace,sub1,120,True,1
C_0679,Corrosion,38,65,Brace,sub1,120,True,1
C_0680,Corrosion,38,70,Brace,sub1,120,True,1
C_0681,Corrosion,38,75,Brace,sub1,120,True,1
C_0682,Corrosion,38,80,Brace,sub1,120,True,1
C_0683,Corrosion,38,85,Brace,sub1,120,True,1
C_0684,Corrosion,38,90,Brace,sub1,120,True,1
C_0685,Corrosion,39,5,Brace,sub1,120,True,1
C_0686,Corrosion,39,10,Brace,sub1,120,True,1
C_0687,Corrosion,39,15,Brace,sub1,120,True,1
C_0688,Corrosion,39,20,Brace,sub1,120,True,1
C_0689,Corrosion,39,25,Brace,sub1,120,True,1
C_0690,Corrosion,39,30,Brace,sub1,120,True,1
C_0691,Corrosion,39,35,Brace,sub1,120,True,1
C_0692,Corrosion,39,40,Brace,sub1,120,True,1
C_0693,Corrosion,39,45,Brace,sub1,120,True,1
C_0694,Corrosion,39,50,Brace,sub1,120,True,1
C_0695,Corrosion,39,55,Brace,sub1,120,True,1
C_0696,Corrosion,39,60,Brace,sub1,120,True,1
C_0697,Corrosion,39,65,Brace,sub1,120,True,1
C_0698,Corrosion,39,70,Brace,sub1,120,True,1
C_0699,Corrosion,39,75,Brace,sub1,120,True,1
C_0700,Corrosion,39,80,Brace,sub1,120,True,1
C_0701,Corrosion,39,85,Brace,sub1,120,True,1
C_0702,Corrosion,39,90,Brace,sub1,120,True,1
C_0703,Corrosion,40,5,Inclined_leg,sub1,120,True,2
C_0704,Corrosion,40,10,Inclined_leg,sub1,120,True,2
C_0705,Corrosion,40,15,Inclined_leg,sub1,120,True,2
C_0706,Corrosion,40,20,Inclined_leg,sub1,120,True,2
C_0707,Corrosion,40,25,Inclined_leg,sub1,120,True,2
C_0708,Corrosion,40,30,Inclined_leg,sub1,120,True,2
C_0709,Corrosion,40,35,Inclined_leg,sub1,120,True,2
C_0710,Corrosion,40,40,Inclined_leg,sub1,120,True,2
C_0711,Corrosion,40,45,Inclined_leg,sub1,120,True,2
C_0712,Corrosion,40,50,Inclined_leg,sub1,120,True,2
C_0713,Corrosion,40,55,Inclined_leg,sub1,120,True,1
C_0714,Corrosion,40,60,Inclined_leg,sub1,120,True,1
C_0715,Corrosion,40,65,Inclined_leg,sub1,120,True,1
C_0716,Corrosion,40,70,Inclined_leg,sub1,120,True,1
C_0717,Corrosion,40,75,Inclined_leg,sub1,120,True,1
C_0718,Corrosion,40,80,Inclined_leg,sub1,120,True,1
C_0719,Corrosion,40,85,Inclined_leg,sub1,120,True,1
C_0720,Corrosion,40,90,Inclined_leg,sub1,120,True,1
C_0721,Corrosion,41,5,Brace,sub1,120,True,0
C_0722,Corrosion,41,10,Brace,sub1,120,True,0
C_0723,Corrosion,41,15,Brace,sub1,120,True,0
C_0724,Corrosion,41,20,Brace,sub1,120,True,0
C_0725,Corrosion,41,25,Brace,sub1,120,True,0
C_0726,Corrosion,41,30,Brace,sub1,120,True,0
C_0727,Corrosion,41,35,Brace,sub1,120,True,0
C_0728,Corrosion,41,40,Brace,sub1,120,True,0
C_0729,Corrosion,41,45,Brace,sub1,120,True,0
C_0730,Corrosion,41,50,Brace,sub1,120,True,0
C_0731,Corrosion,41,55,Brace,sub1,120,True,0
C_0732,Corrosion,41,60,Brace,sub1,120,True,0
C_0733,Corrosion,41,65,Brace,sub1,120,True,0
C_0734,Corrosion,41,70,Brace,sub1,120,True,0
C_0735,Corrosion,41,75,Brace,sub1,120,True,0
C_0736,Corrosion,41,80,Brace,sub1,120,True,0
C_0737,Corrosion,41,85,Brace,sub1,120,True,0
C_0738,Corrosion,41,90,Brace,sub1,120,True,0
C_0739,Corrosion,42,5,Brace,sub1,120,True,1
C_0740,Corrosion,42,10,Brace,sub1,120,True,1
C_0741,Corrosion,42,15,Brace,sub1,120,True,1
C_0742,Corrosion,42,20,Brace,sub1,120,True,1
C_0743,Corrosion,42,25,Brace,sub1,120,True,1
C_0744,Corrosion,42,30,Brace,sub1,120,True,1
C_0745,Corrosion,42,35,Brace,sub1,120,True,1
C_0746,Corrosion,42,40,Brace,sub1,120,True,1
C_0747,Corrosion,42,45,Brace,sub1,120,True,1
C_0748,Corrosion,42,50,Brace,sub1,120,True,1
C_0749,Corrosion,42,55,Brace,sub1,120,True,1
C_0750,Corrosion,42,60,Brace,sub1,120,True,1
C_0751,Corrosion,42,65,Brace,sub1,120,True,1
C_0752,Corrosion,42,70,Brace,sub1,120,True,1
C_0753,Corrosion,42,75,Brace,sub1,120,True,1
C_0754,Corrosion,42,80,Brace,sub1,120,True,1
C_0755,Corrosion,42,85,Brace,sub1,120,True,1
C_0756,Corrosion,42,90,Brace,sub1,120,True,1
C_0757,Corrosion,43,5,Brace,sub1,120,True,1
C_0758,Corrosion,43,10,Brace,sub1,120,True,1
C_0759,Corrosion,43,15,Brace,sub1,120,True,1
C_0760,Corrosion,43,20,Brace,sub1,120,True,1
C_0761,Corrosion,43,25,Brace,sub1,120,True,1
C_0762,Corrosion,43,30,Brace,sub1,120,True,1
C_0763,Corrosion,43,35,Brace,sub1,120,True,1
C_0764,Corrosion,43,40,Brace,sub1,120,True,1
C_0765,Corrosion,43,45,Brace,sub1,120,True,1
C_0766,Corrosion,43,50,Brace,sub1,120,True,1
C_0767,Corrosion,43,55,Brace,sub1,120,True,1
C_0768,Corrosion,43,60,Brace,sub1,120,True,1
C_0769,Corrosion,43,65,Brace,sub1,120,True,1
C_0770,Corrosion,43,70,Brace,sub1,120,True,1
C_0771,Corrosion,43,75,Brace,sub1,120,True,1
C_0772,Corrosion,43,80,Brace,sub1,120,True,1
C_0773,Corrosion,43,85,Brace,sub1,120,True,1
C_0774,Corrosion,43,90,Brace,sub1,120,True,1
C_0775,Corrosion,44,5,Brace,sub1,120,True,1
C_0776,Corrosion,44,10,Brace,sub1,120,True,1
C_0777,Corrosion,44,15,Brace,sub1,120,True,1
C_0778,Corrosion,44,20,Brace,sub1,120,True,1
C_0779,Corrosion,44,25,Brace,sub1,120,True,1
C_0780,Corrosion,44,30,Brace,sub1,120,True,1
C_0781,Corrosion,44,35,Brace,sub1,120,True,1
C_0782,Corrosion,44,40,Brace,sub1,120,True,1
C_0783,Corrosion,44,45,Brace,sub1,120,True,1
C_0784,Corrosion,44,50,Brace,sub1,120,True,1
C_0785,Corrosion,44,55,Brace,sub1,120,True,1
C_0786,Corrosion,44,60,Brace,sub1,120,True,1
C_0787,Corrosion,44,65,Brace,sub1,120,True,1
C_0788,Corrosion,44,70,Brace,sub1,120,True,1
C_0789,Corrosion,44,75,Brace,sub1,120,True,1
C_0790,Corrosion,44,80,Brace,sub1,120,True,1
C_0791,Corrosion,44,85,Brace,sub1,120,True,1
C_0792,Corrosion,44,90,Brace,sub1,120,True,1
C_0793,Corrosion,45,5,Beam,sub1,120,False,14
C_0794,Corrosion,45,10,Beam,sub1,120,False,18
C_0795,Corrosion,45,15,Beam,sub1,120,False,18
C_0796,Corrosion,45,20,Beam,sub1,120,False,18
C_0797,Corrosion,45,25,Beam,sub1,120,False,18
C_0798,Corrosion,45,30,Beam,sub1,120,False,18
C_0799,Corrosion,45,35,Beam,sub1,120,False,18
C_0800,Corrosion,45,40,Beam,sub1,120,False,18
C_0801,Corrosion,45,45,Beam,sub1,120,False,18
C_0802,Corrosion,45,50,Beam,sub1,120,False,22
C_0803,Corrosion,45,55,Beam,sub1,120,False,18
C_0804,Corrosion,45,60,Beam,sub1,120,False,18
C_0805,Corrosion,45,65,Beam,sub1,120,False,30
C_0806,Corrosion,45,70,Beam,sub1,120,False,18
C_0807,Corrosion,45,75,Beam,sub1,120,False,13
C_0808,Corrosion,45,80,Beam,sub1,120,False,8
C_0809,Corrosion,45,85,Beam,sub1,120,False,7
C_0810,Corrosion,45,90,Beam,sub1,120,False,5
C_0811,Corrosion,46,5,Beam,sub1,120,False,18
C_0812,Corrosion,46,10,Beam,sub1,120,False,18
C_0813,Corrosion,46,15,Beam,sub1,120,False,23
C_0814,Corrosion,46,20,Beam,sub1,120,False,18
C_0815,Corrosion,46,25,Beam,sub1,120,False,18
C_0816,Corrosion,46,30,Beam,sub1,120,False,18
C_0817,Corrosion,46,35,Beam,sub1,120,False,18
C_0818,Corrosion,46,40,Beam,sub1,120,False,18
C_0819,Corrosion,46,45,Beam,sub1,120,False,20
C_0820,Corrosion,46,50,Beam,sub1,120,False,18
C_0821,Corrosion,46,55,Beam,sub1,120,False,20
C_0822,Corrosion,46,60,Beam,sub1,120,False,19
C_0823,Corrosion,46,65,Beam,sub1,120,False,16
C_0824,Corrosion,46,70,Beam,sub1,120,False,16
C_0825,Corrosion,46,75,Beam,sub1,120,False,16
C_0826,Corrosion,46,80,Beam,sub1,120,False,16
C_0827,Corrosion,46,85,Beam,sub1,120,False,9
C_0828,Corrosion,46,90,Beam,sub1,120,False,18
C_0829,Corrosion,47,5,Beam,sub1,120,False,18
C_0830,Corrosion,47,10,Beam,sub1,120,False,18
C_0831,Corrosion,47,15,Beam,sub1,120,False,17
C_0832,Corrosion,47,20,Beam,sub1,120,False,18
C_0833,Corrosion,47,25,Beam,sub1,120,False,18
C_0834,Corrosion,47,30,Beam,sub1,120,False,18
C_0835,Corrosion,47,35,Beam,sub1,120,False,18
C_0836,Corrosion,47,40,Beam,sub1,120,False,18
C_0837,Corrosion,47,45,Beam,sub1,120,False,18
C_0838,Corrosion,47,50,Beam,sub1,120,False,18
C_0839,Corrosion,47,55,Beam,sub1,120,False,18
C_0840,Corrosion,47,60,Beam,sub1,120,False,18
C_0841,Corrosion,47,65,Beam,sub1,120,False,18
C_0842,Corrosion,47,70,Beam,sub1,120,False,18
C_0843,Corrosion,47,75,Beam,sub1,120,False,14
C_0844,Corrosion,47,80,Beam,sub1,120,False,11
C_0845,Corrosion,47,85,Beam,sub1,120,False,7
C_0846,Corrosion,47,90,Beam,sub1,120,False,5
C_0847,Corrosion,48,5,Beam,sub1,120,False,18
C_0848,Corrosion,48,10,Beam,sub1,120,False,18
C_0849,Corrosion,48,15,Beam,sub1,120,False,18
C_0850,Corrosion,48,20,Beam,sub1,120,False,18
C_0851,Corrosion,48,25,Beam,sub1,120,False,16
C_0852,Corrosion,48,30,Beam,sub1,120,False,16
C_0853,Corrosion,48,35,Beam,sub1,120,False,18
C_0854,Corrosion,48,40,Beam,sub1,120,False,18
C_0855,Corrosion,48,45,Beam,sub1,120,False,27
C_0856,Corrosion,48,50,Beam,sub1,120,False,18
C_0857,Corrosion,48,55,Beam,sub1,120,False,18
C_0858,Corrosion,48,60,Beam,sub1,120,False,19
C_0859,Corrosion,48,65,Beam,sub1,120,False,20
C_0860,Corrosion,48,70,Beam,sub1,120,False,16
C_0861,Corrosion,48,75,Beam,sub1,120,False,22
C_0862,Corrosion,48,80,Beam,sub1,120,False,16
C_0863,Corrosion,48,85,Beam,sub1,120,False,14
C_0864,Corrosion,48,90,Beam,sub1,120,False,18
C_0865,Corrosion,49,5,Inclined_leg,sub2,120,True,2
C_0866,Corrosion,49,10,Inclined_leg,sub2,120,True,2
C_0867,Corrosion,49,15,Inclined_leg,sub2,120,True,2
C_0868,Corrosion,49,20,Inclined_leg,sub2,120,True,2
C_0869,Corrosion,49,25,Inclined_leg,sub2,120,True,2
C_0870,Corrosion,49,30,Inclined_leg,sub2,120,True,2
C_0871,Corrosion,49,35,Inclined_leg,sub2,120,True,2
C_0872,Corrosion,49,40,Inclined_leg,sub2,120,True,2
C_0873,Corrosion,49,45,Inclined_leg,sub2,120,True,2
C_0874,Corrosion,49,50,Inclined_leg,sub2,120,True,2
C_0875,Corrosion,49,55,Inclined_leg,sub2,120,True,2
C_0876,Corrosion,49,60,Inclined_leg,sub2,120,True,2
C_0877,Corrosion,49,65,Inclined_leg,sub2,120,True,2
C_0878,Corrosion,49,70,Inclined_leg,sub2,120,True,2
C_0879,Corrosion,49,75,Inclined_leg,sub2,120,True,2
C_0880,Corrosion,49,80,Inclined_leg,sub2,120,True,2
C_0881,Corrosion,49,85,Inclined_leg,sub2,120,True,2
C_0882,Corrosion,49,90,Inclined_leg,sub2,120,True,2
C_0883,Corrosion,50,5,Brace,sub2,120,True,1
C_0884,Corrosion,50,10,Brace,sub2,120,True,1
C_0885,Corrosion,50,15,Brace,sub2,120,True,1
C_0886,Corrosion,50,20,Brace,sub2,120,True,1
C_0887,Corrosion,50,25,Brace,sub2,120,True,1
C_0888,Corrosion,50,30,Brace,sub2,120,True,1
C_0889,Corrosion,50,35,Brace,sub2,120,True,1
C_0890,Corrosion,50,40,Brace,sub2,120,True,1
C_0891,Corrosion,50,45,Brace,sub2,120,True,1
C_0892,Corrosion,50,50,Brace,sub2,120,True,1
C_0893,Corrosion,50,55,Brace,sub2,120,True,1
C_0894,Corrosion,50,60,Brace,sub2,120,True,1
C_0895,Corrosion,50,65,Brace,sub2,120,True,1
C_0896,Corrosion,50,70,Brace,sub2,120,True,1
C_0897,Corrosion,50,75,Brace,sub2,120,True,1
C_0898,Corrosion,50,80,Brace,sub2,120,True,1
C_0899,Corrosion,50,85,Brace,sub2,120,True,1
C_0900,Corrosion,50,90,Brace,sub2,120,True,1
C_0901,Corrosion,51,5,Brace,sub2,120,True,1
C_0902,Corrosion,51,10,Brace,sub2,120,True,1
C_0903,Corrosion,51,15,Brace,sub2,120,True,1
C_0904,Corrosion,51,20,Brace,sub2,120,True,1
C_0905,Corrosion,51,25,Brace,sub2,120,True,1
C_0906,Corrosion,51,30,Brace,sub2,120,True,1
C_0907,Corrosion,51,35,Brace,sub2,120,True,1
C_0908,Corrosion,51,40,Brace,sub2,120,True,1
C_0909,Corrosion,51,45,Brace,sub2,120,True,1
C_0910,Corrosion,51,50,Brace,sub2,120,True,1
C_0911,Corrosion,51,55,Brace,sub2,120,True,1
C_0912,Corrosion,51,60,Brace,sub2,120,True,1
C_0913,Corrosion,51,65,Brace,sub2,120,True,1
C_0914,Corrosion,51,70,Brace,sub2,120,True,1
C_0915,Corrosion,51,75,Brace,sub2,120,True,1
C_0916,Corrosion,51,80,Brace,sub2,120,True,1
C_0917,Corrosion,51,85,Brace,sub2,120,True,1
C_0918,Corrosion,51,90,Brace,sub2,120,True,1
C_0919,Corrosion,52,5,Brace,sub2,120,True,0
C_0920,Corrosion,52,10,Brace,sub2,120,True,0
C_0921,Corrosion,52,15,Brace,sub2,120,True,0
C_0922,Corrosion,52,20,Brace,sub2,120,True,0
C_0923,Corrosion,52,25,Brace,sub2,120,True,0
C_0924,Corrosion,52,30,Brace,sub2,120,True,0
C_0925,Corrosion,52,35,Brace,sub2,120,True,0
C_0926,Corrosion,52,40,Brace,sub2,120,True,0
C_0927,Corrosion,52,45,Brace,sub2,120,True,0
C_0928,Corrosion,52,50,Brace,sub2,120,True,0
C_0929,Corrosion,52,55,Brace,sub2,120,True,0
C_0930,Corrosion,52,60,Brace,sub2,120,True,0
C_0931,Corrosion,52,65,Brace,sub2,120,True,0
C_0932,Corrosion,52,70,Brace,sub2,120,True,0
C_0933,Corrosion,52,75,Brace,sub2,120,True,0
C_0934,Corrosion,52,80,Brace,sub2,120,True,0
C_0935,Corrosion,52,85,Brace,sub2,120,True,0
C_0936,Corrosion,52,90,Brace,sub2,120,True,0
C_0937,Corrosion,53,5,Brace,sub2,120,True,1
C_0938,Corrosion,53,10,Brace,sub2,120,True,1
C_0939,Corrosion,53,15,Brace,sub2,120,True,1
C_0940,Corrosion,53,20,Brace,sub2,120,True,1
C_0941,Corrosion,53,25,Brace,sub2,120,True,1
C_0942,Corrosion,53,30,Brace,sub2,120,True,1
C_0943,Corrosion,53,35,Brace,sub2,120,True,1
C_0944,Corrosion,53,40,Brace,sub2,120,True,1
C_0945,Corrosion,53,45,Brace,sub2,120,True,1
C_0946,Corrosion,53,50,Brace,sub2,120,True,1
C_0947,Corrosion,53,55,Brace,sub2,120,True,1
C_0948,Corrosion,53,60,Brace,sub2,120,True,1
C_0949,Corrosion,53,65,Brace,sub2,120,True,1
C_0950,Corrosion,53,70,Brace,sub2,120,True,1
C_0951,Corrosion,53,75,Brace,sub2,120,True,1
C_0952,Corrosion,53,80,Brace,sub2,120,True,1
C_0953,Corrosion,53,85,Brace,sub2,120,True,1
C_0954,Corrosion,53,90,Brace,sub2,120,True,1
C_0955,Corrosion,54,5,Inclined_leg,sub2,120,True,2
C_0956,Corrosion,54,10,Inclined_leg,sub2,120,True,2
C_0957,Corrosion,54,15,Inclined_leg,sub2,120,True,2
C_0958,Corrosion,54,20,Inclined_leg,sub2,120,True,2
C_0959,Corrosion,54,25,Inclined_leg,sub2,120,True,2
C_0960,Corrosion,54,30,Inclined_leg,sub2,120,True,2
C_0961,Corrosion,54,35,Inclined_leg,sub2,120,True,2
C_0962,Corrosion,54,40,Inclined_leg,sub2,120,True,2
C_0963,Corrosion,54,45,Inclined_leg,sub2,120,True,2
C_0964,Corrosion,54,50,Inclined_leg,sub2,120,True,2
C_0965,Corrosion,54,55,Inclined_leg,sub2,120,True,2
C_0966,Corrosion,54,60,Inclined_leg,sub2,120,True,2
C_0967,Corrosion,54,65,Inclined_leg,sub2,120,True,2
C_0968,Corrosion,54,70,Inclined_leg,sub2,120,True,2
C_0969,Corrosion,54,75,Inclined_leg,sub2,120,True,2
C_0970,Corrosion,54,80,Inclined_leg,sub2,120,True,2
C_0971,Corrosion,54,85,Inclined_leg,sub2,120,True,2
C_0972,Corrosion,54,90,Inclined_leg,sub2,120,True,2
C_0973,Corrosion,55,5,Brace,sub2,120,True,1
C_0974,Corrosion,55,10,Brace,sub2,120,True,1
C_0975,Corrosion,55,15,Brace,sub2,120,True,1
C_0976,Corrosion,55,20,Brace,sub2,120,True,1
C_0977,Corrosion,55,25,Brace,sub2,120,True,1
C_0978,Corrosion,55,30,Brace,sub2,120,True,1
C_0979,Corrosion,55,35,Brace,sub2,120,True,1
C_0980,Corrosion,55,40,Brace,sub2,120,True,1
C_0981,Corrosion,55,45,Brace,sub2,120,True,1
C_0982,Corrosion,55,50,Brace,sub2,120,True,1
C_0983,Corrosion,55,55,Brace,sub2,120,True,1
C_0984,Corrosion,55,60,Brace,sub2,120,True,1
C_0985,Corrosion,55,65,Brace,sub2,120,True,1
C_0986,Corrosion,55,70,Brace,sub2,120,True,1
C_0987,Corrosion,55,75,Brace,sub2,120,True,1
C_0988,Corrosion,55,80,Brace,sub2,120,True,1
C_0989,Corrosion,55,85,Brace,sub2,120,True,1
C_0990,Corrosion,55,90,Brace,sub2,120,True,1
C_0991,Corrosion,56,5,Brace,sub2,120,True,1
C_0992,Corrosion,56,10,Brace,sub2,120,True,1
C_0993,Corrosion,56,15,Brace,sub2,120,True,1
C_0994,Corrosion,56,20,Brace,sub2,120,True,1
C_0995,Corrosion,56,25,Brace,sub2,120,True,1
C_0996,Corrosion,56,30,Brace,sub2,120,True,1
C_0997,Corrosion,56,35,Brace,sub2,120,True,1
C_0998,Corrosion,56,40,Brace,sub2,120,True,1
C_0999,Corrosion,56,45,Brace,sub2,120,True,1
C_1000,Corrosion,56,50,Brace,sub2,120,True,1
C_1001,Corrosion,56,55,Brace,sub2,120,True,1
C_1002,Corrosion,56,60,Brace,sub2,120,True,1
C_1003,Corrosion,56,65,Brace,sub2,120,True,1
C_1004,Corrosion,56,70,Brace,sub2,120,True,1
C_1005,Corrosion,56,75,Brace,sub2,120,True,1
C_1006,Corrosion,56,80,Brace,sub2,120,True,1
C_1007,Corrosion,56,85,Brace,sub2,120,True,1
C_1008,Corrosion,56,90,Brace,sub2,120,True,1
C_1009,Corrosion,57,5,Brace,sub2,120,True,0
C_1010,Corrosion,57,10,Brace,sub2,120,True,0
C_1011,Corrosion,57,15,Brace,sub2,120,True,0
C_1012,Corrosion,57,20,Brace,sub2,120,True,0
C_1013,Corrosion,57,25,Brace,sub2,120,True,0
C_1014,Corrosion,57,30,Brace,sub2,120,True,0
C_1015,Corrosion,57,35,Brace,sub2,120,True,0
C_1016,Corrosion,57,40,Brace,sub2,120,True,0
C_1017,Corrosion,57,45,Brace,sub2,120,True,0
C_1018,Corrosion,57,50,Brace,sub2,120,True,0
C_1019,Corrosion,57,55,Brace,sub2,120,True,0
C_1020,Corrosion,57,60,Brace,sub2,120,True,0
C_1021,Corrosion,57,65,Brace,sub2,120,True,0
C_1022,Corrosion,57,70,Brace,sub2,120,True,0
C_1023,Corrosion,57,75,Brace,sub2,120,True,0
C_1024,Corrosion,57,80,Brace,sub2,120,True,0
C_1025,Corrosion,57,85,Brace,sub2,120,True,0
C_1026,Corrosion,57,90,Brace,sub2,120,True,0
C_1027,Corrosion,58,5,Brace,sub2,120,True,1
C_1028,Corrosion,58,10,Brace,sub2,120,True,1
C_1029,Corrosion,58,15,Brace,sub2,120,True,1
C_1030,Corrosion,58,20,Brace,sub2,120,True,1
C_1031,Corrosion,58,25,Brace,sub2,120,True,1
C_1032,Corrosion,58,30,Brace,sub2,120,True,1
C_1033,Corrosion,58,35,Brace,sub2,120,True,1
C_1034,Corrosion,58,40,Brace,sub2,120,True,1
C_1035,Corrosion,58,45,Brace,sub2,120,True,1
C_1036,Corrosion,58,50,Brace,sub2,120,True,1
C_1037,Corrosion,58,55,Brace,sub2,120,True,1
C_1038,Corrosion,58,60,Brace,sub2,120,True,1
C_1039,Corrosion,58,65,Brace,sub2,120,True,1
C_1040,Corrosion,58,70,Brace,sub2,120,True,1
C_1041,Corrosion,58,75,Brace,sub2,120,True,1
C_1042,Corrosion,58,80,Brace,sub2,120,True,1
C_1043,Corrosion,58,85,Brace,sub2,120,True,1
C_1044,Corrosion,58,90,Brace,sub2,120,True,1
C_1045,Corrosion,59,5,Inclined_leg,sub2,120,True,2
C_1046,Corrosion,59,10,Inclined_leg,sub2,120,True,2
C_1047,Corrosion,59,15,Inclined_leg,sub2,120,True,2
C_1048,Corrosion,59,20,Inclined_leg,sub2,120,True,2
C_1049,Corrosion,59,25,Inclined_leg,sub2,120,True,2
C_1050,Corrosion,59,30,Inclined_leg,sub2,120,True,2
C_1051,Corrosion,59,35,Inclined_leg,sub2,120,True,2
C_1052,Corrosion,59,40,Inclined_leg,sub2,120,True,2
C_1053,Corrosion,59,45,Inclined_leg,sub2,120,True,2
C_1054,Corrosion,59,50,Inclined_leg,sub2,120,True,2
C_1055,Corrosion,59,55,Inclined_leg,sub2,120,True,2
C_1056,Corrosion,59,60,Inclined_leg,sub2,120,True,2
C_1057,Corrosion,59,65,Inclined_leg,sub2,120,True,2
C_1058,Corrosion,59,70,Inclined_leg,sub2,120,True,2
C_1059,Corrosion,59,75,Inclined_leg,sub2,120,True,2
C_1060,Corrosion,59,80,Inclined_leg,sub2,120,True,2
C_1061,Corrosion,59,85,Inclined_leg,sub2,120,True,2
C_1062,Corrosion,59,90,Inclined_leg,sub2,120,True,2
C_1063,Corrosion,60,5,Brace,sub2,120,True,1
C_1064,Corrosion,60,10,Brace,sub2,120,True,1
C_1065,Corrosion,60,15,Brace,sub2,120,True,1
C_1066,Corrosion,60,20,Brace,sub2,120,True,1
C_1067,Corrosion,60,25,Brace,sub2,120,True,1
C_1068,Corrosion,60,30,Brace,sub2,120,True,1
C_1069,Corrosion,60,35,Brace,sub2,120,True,1
C_1070,Corrosion,60,40,Brace,sub2,120,True,1
C_1071,Corrosion,60,45,Brace,sub2,120,True,1
C_1072,Corrosion,60,50,Brace,sub2,120,True,1
C_1073,Corrosion,60,55,Brace,sub2,120,True,1
C_1074,Corrosion,60,60,Brace,sub2,120,True,1
C_1075,Corrosion,60,65,Brace,sub2,120,True,1
C_1076,Corrosion,60,70,Brace,sub2,120,True,1
C_1077,Corrosion,60,75,Brace,sub2,120,True,1
C_1078,Corrosion,60,80,Brace,sub2,120,True,1
C_1079,Corrosion,60,85,Brace,sub2,120,True,1
C_1080,Corrosion,60,90,Brace,sub2,120,True,1
C_1081,Corrosion,61,5,Brace,sub2,120,True,1
C_1082,Corrosion,61,10,Brace,sub2,120,True,1
C_1083,Corrosion,61,15,Brace,sub2,120,True,1
C_1084,Corrosion,61,20,Brace,sub2,120,True,1
C_1085,Corrosion,61,25,Brace,sub2,120,True,1
C_1086,Corrosion,61,30,Brace,sub2,120,True,1
C_1087,Corrosion,61,35,Brace,sub2,120,True,1
C_1088,Corrosion,61,40,Brace,sub2,120,True,1
C_1089,Corrosion,61,45,Brace,sub2,120,True,1
C_1090,Corrosion,61,50,Brace,sub2,120,True,1
C_1091,Corrosion,61,55,Brace,sub2,120,True,1
C_1092,Corrosion,61,60,Brace,sub2,120,True,1
C_1093,Corrosion,61,65,Brace,sub2,120,True,1
C_1094,Corrosion,61,70,Brace,sub2,120,True,1
C_1095,Corrosion,61,75,Brace,sub2,120,True,1
C_1096,Corrosion,61,80,Brace,sub2,120,True,1
C_1097,Corrosion,61,85,Brace,sub2,120,True,1
C_1098,Corrosion,61,90,Brace,sub2,120,True,1
C_1099,Corrosion,62,5,Brace,sub2,120,True,0
C_1100,Corrosion,62,10,Brace,sub2,120,True,0
C_1101,Corrosion,62,15,Brace,sub2,120,True,0
C_1102,Corrosion,62,20,Brace,sub2,120,True,0
C_1103,Corrosion,62,25,Brace,sub2,120,True,0
C_1104,Corrosion,62,30,Brace,sub2,120,True,0
C_1105,Corrosion,62,35,Brace,sub2,120,True,0
C_1106,Corrosion,62,40,Brace,sub2,120,True,0
C_1107,Corrosion,62,45,Brace,sub2,120,True,0
C_1108,Corrosion,62,50,Brace,sub2,120,True,0
C_1109,Corrosion,62,55,Brace,sub2,120,True,0
C_1110,Corrosion,62,60,Brace,sub2,120,True,0
C_1111,Corrosion,62,65,Brace,sub2,120,True,0
C_1112,Corrosion,62,70,Brace,sub2,120,True,0
C_1113,Corrosion,62,75,Brace,sub2,120,True,0
C_1114,Corrosion,62,80,Brace,sub2,120,True,0
C_1115,Corrosion,62,85,Brace,sub2,120,True,0
C_1116,Corrosion,62,90,Brace,sub2,120,True,0
C_1117,Corrosion,63,5,Brace,sub2,120,True,1
C_1118,Corrosion,63,10,Brace,sub2,120,True,1
C_1119,Corrosion,63,15,Brace,sub2,120,True,1
C_1120,Corrosion,63,20,Brace,sub2,120,True,1
C_1121,Corrosion,63,25,Brace,sub2,120,True,1
C_1122,Corrosion,63,30,Brace,sub2,120,True,1
C_1123,Corrosion,63,35,Brace,sub2,120,True,1
C_1124,Corrosion,63,40,Brace,sub2,120,True,1
C_1125,Corrosion,63,45,Brace,sub2,120,True,1
C_1126,Corrosion,63,50,Brace,sub2,120,True,1
C_1127,Corrosion,63,55,Brace,sub2,120,True,1
C_1128,Corrosion,63,60,Brace,sub2,120,True,1
C_1129,Corrosion,63,65,Brace,sub2,120,True,1
C_1130,Corrosion,63,70,Brace,sub2,120,True,1
C_1131,Corrosion,63,75,Brace,sub2,120,True,1
C_1132,Corrosion,63,80,Brace,sub2,120,True,1
C_1133,Corrosion,63,85,Brace,sub2,120,True,1
C_1134,Corrosion,63,90,Brace,sub2,120,True,1
C_1135,Corrosion,64,5,Inclined_leg,sub2,120,True,2
C_1136,Corrosion,64,10,Inclined_leg,sub2,120,True,2
C_1137,Corrosion,64,15,Inclined_leg,sub2,120,True,2
C_1138,Corrosion,64,20,Inclined_leg,sub2,120,True,2
C_1139,Corrosion,64,25,Inclined_leg,sub2,120,True,2
C_1140,Corrosion,64,30,Inclined_leg,sub2,120,True,2
C_1141,Corrosion,64,35,Inclined_leg,sub2,120,True,2
C_1142,Corrosion,64,40,Inclined_leg,sub2,120,True,2
C_1143,Corrosion,64,45,Inclined_leg,sub2,120,True,2
C_1144,Corrosion,64,50,Inclined_leg,sub2,120,True,2
C_1145,Corrosion,64,55,Inclined_leg,sub2,120,True,2
C_1146,Corrosion,64,60,Inclined_leg,sub2,120,True,2
C_1147,Corrosion,64,65,Inclined_leg,sub2,120,True,2
C_1148,Corrosion,64,70,Inclined_leg,sub2,120,True,2
C_1149,Corrosion,64,75,Inclined_leg,sub2,120,True,2
C_1150,Corrosion,64,80,Inclined_leg,sub2,120,True,2
C_1151,Corrosion,64,85,Inclined_leg,sub2,120,True,2
C_1152,Corrosion,64,90,Inclined_leg,sub2,120,True,2
C_1153,Corrosion,65,5,Brace,sub2,120,True,1
C_1154,Corrosion,65,10,Brace,sub2,120,True,1
C_1155,Corrosion,65,15,Brace,sub2,120,True,1
C_1156,Corrosion,65,20,Brace,sub2,120,True,1
C_1157,Corrosion,65,25,Brace,sub2,120,True,1
C_1158,Corrosion,65,30,Brace,sub2,120,True,1
C_1159,Corrosion,65,35,Brace,sub2,120,True,1
C_1160,Corrosion,65,40,Brace,sub2,120,True,1
C_1161,Corrosion,65,45,Brace,sub2,120,True,1
C_1162,Corrosion,65,50,Brace,sub2,120,True,1
C_1163,Corrosion,65,55,Brace,sub2,120,True,1
C_1164,Corrosion,65,60,Brace,sub2,120,True,1
C_1165,Corrosion,65,65,Brace,sub2,120,True,1
C_1166,Corrosion,65,70,Brace,sub2,120,True,1
C_1167,Corrosion,65,75,Brace,sub2,120,True,1
C_1168,Corrosion,65,80,Brace,sub2,120,True,1
C_1169,Corrosion,65,85,Brace,sub2,120,True,1
C_1170,Corrosion,65,90,Brace,sub2,120,True,1
C_1171,Corrosion,66,5,Brace,sub2,120,True,1
C_1172,Corrosion,66,10,Brace,sub2,120,True,1
C_1173,Corrosion,66,15,Brace,sub2,120,True,1
C_1174,Corrosion,66,20,Brace,sub2,120,True,1
C_1175,Corrosion,66,25,Brace,sub2,120,True,1
C_1176,Corrosion,66,30,Brace,sub2,120,True,1
C_1177,Corrosion,66,35,Brace,sub2,120,True,1
C_1178,Corrosion,66,40,Brace,sub2,120,True,1
C_1179,Corrosion,66,45,Brace,sub2,120,True,1
C_1180,Corrosion,66,50,Brace,sub2,120,True,1
C_1181,Corrosion,66,55,Brace,sub2,120,True,1
C_1182,Corrosion,66,60,Brace,sub2,120,True,1
C_1183,Corrosion,66,65,Brace,sub2,120,True,1
C_1184,Corrosion,66,70,Brace,sub2,120,True,1
C_1185,Corrosion,66,75,Brace,sub2,120,True,1
C_1186,Corrosion,66,80,Brace,sub2,120,True,1
C_1187,Corrosion,66,85,Brace,sub2,120,True,1
C_1188,Corrosion,66,90,Brace,sub2,120,True,1
C_1189,Corrosion,67,5,Brace,sub2,120,True,0
C_1190,Corrosion,67,10,Brace,sub2,120,True,0
C_1191,Corrosion,67,15,Brace,sub2,120,True,0
C_1192,Corrosion,67,20,Brace,sub2,120,True,0
C_1193,Corrosion,67,25,Brace,sub2,120,True,0
C_1194,Corrosion,67,30,Brace,sub2,120,True,0
C_1195,Corrosion,67,35,Brace,sub2,120,True,0
C_1196,Corrosion,67,40,Brace,sub2,120,True,0
C_1197,Corrosion,67,45,Brace,sub2,120,True,0
C_1198,Corrosion,67,50,Brace,sub2,120,True,0
C_1199,Corrosion,67,55,Brace,sub2,120,True,0
C_1200,Corrosion,67,60,Brace,sub2,120,True,0
C_1201,Corrosion,67,65,Brace,sub2,120,True,0
C_1202,Corrosion,67,70,Brace,sub2,120,True,0
C_1203,Corrosion,67,75,Brace,sub2,120,True,0
C_1204,Corrosion,67,80,Brace,sub2,120,True,0
C_1205,Corrosion,67,85,Brace,sub2,120,True,0
C_1206,Corrosion,67,90,Brace,sub2,120,True,0
C_1207,Corrosion,68,5,Brace,sub2,120,True,1
C_1208,Corrosion,68,10,Brace,sub2,120,True,1
C_1209,Corrosion,68,15,Brace,sub2,120,True,1
C_1210,Corrosion,68,20,Brace,sub2,120,True,1
C_1211,Corrosion,68,25,Brace,sub2,120,True,1
C_1212,Corrosion,68,30,Brace,sub2,120,True,1
C_1213,Corrosion,68,35,Brace,sub2,120,True,1
C_1214,Corrosion,68,40,Brace,sub2,120,True,1
C_1215,Corrosion,68,45,Brace,sub2,120,True,1
C_1216,Corrosion,68,50,Brace,sub2,120,True,1
C_1217,Corrosion,68,55,Brace,sub2,120,True,1
C_1218,Corrosion,68,60,Brace,sub2,120,True,1
C_1219,Corrosion,68,65,Brace,sub2,120,True,1
C_1220,Corrosion,68,70,Brace,sub2,120,True,1
C_1221,Corrosion,68,75,Brace,sub2,120,True,1
C_1222,Corrosion,68,80,Brace,sub2,120,True,1
C_1223,Corrosion,68,85,Brace,sub2,120,True,1
C_1224,Corrosion,68,90,Brace,sub2,120,True,1
C_1225,Corrosion,69,5,Beam,sub2,120,False,9
C_1226,Corrosion,69,10,Beam,sub2,120,False,22
C_1227,Corrosion,69,15,Beam,sub2,120,False,30
C_1228,Corrosion,69,20,Beam,sub2,120,False,9
C_1229,Corrosion,69,25,Beam,sub2,120,False,18
C_1230,Corrosion,69,30,Beam,sub2,120,False,8
C_1231,Corrosion,69,35,Beam,sub2,120,False,21
C_1232,Corrosion,69,40,Beam,sub2,120,False,9
C_1233,Corrosion,69,45,Beam,sub2,120,False,5
C_1234,Corrosion,69,50,Beam,sub2,120,False,8
C_1235,Corrosion,69,55,Beam,sub2,120,False,9
C_1236,Corrosion,69,60,Beam,sub2,120,False,9
C_1237,Corrosion,69,65,Beam,sub2,120,False,8
C_1238,Corrosion,69,70,Beam,sub2,120,False,8
C_1239,Corrosion,69,75,Beam,sub2,120,False,26
C_1240,Corrosion,69,80,Beam,sub2,120,False,26
C_1241,Corrosion,69,85,Beam,sub2,120,False,22
C_1242,Corrosion,69,90,Beam,sub2,120,False,19
C_1243,Corrosion,70,5,Beam,sub2,120,False,7
C_1244,Corrosion,70,10,Beam,sub2,120,False,24
C_1245,Corrosion,70,15,Beam,sub2,120,False,3
C_1246,Corrosion,70,20,Beam,sub2,120,False,22
C_1247,Corrosion,70,25,Beam,sub2,120,False,26
C_1248,Corrosion,70,30,Beam,sub2,120,False,7
C_1249,Corrosion,70,35,Beam,sub2,120,False,24
C_1250,Corrosion,70,40,Beam,sub2,120,False,19
C_1251,Corrosion,70,45,Beam,sub2,120,False,22
C_1252,Corrosion,70,50,Beam,sub2,120,False,6
C_1253,Corrosion,70,55,Beam,sub2,120,False,22
C_1254,Corrosion,70,60,Beam,sub2,120,False,8
C_1255,Corrosion,70,65,Beam,sub2,120,False,26
C_1256,Corrosion,70,70,Beam,sub2,120,False,15
C_1257,Corrosion,70,75,Beam,sub2,120,False,26
C_1258,Corrosion,70,80,Beam,sub2,120,False,6
C_1259,Corrosion,70,85,Beam,sub2,120,False,26
C_1260,Corrosion,70,90,Beam,sub2,120,False,8
C_1261,Corrosion,71,5,Beam,sub2,120,False,8
C_1262,Corrosion,71,10,Beam,sub2,120,False,3
C_1263,Corrosion,71,15,Beam,sub2,120,False,3
C_1264,Corrosion,71,20,Beam,sub2,120,False,9
C_1265,Corrosion,71,25,Beam,sub2,120,False,8
C_1266,Corrosion,71,30,Beam,sub2,120,False,21
C_1267,Corrosion,71,35,Beam,sub2,120,False,3
C_1268,Corrosion,71,40,Beam,sub2,120,False,4
C_1269,Corrosion,71,45,Beam,sub2,120,False,5
C_1270,Corrosion,71,50,Beam,sub2,120,False,9
C_1271,Corrosion,71,55,Beam,sub2,120,False,9
C_1272,Corrosion,71,60,Beam,sub2,120,False,4
C_1273,Corrosion,71,65,Beam,sub2,120,False,26
C_1274,Corrosion,71,70,Beam,sub2,120,False,21
C_1275,Corrosion,71,75,Beam,sub2,120,False,8
C_1276,Corrosion,71,80,Beam,sub2,120,False,26
C_1277,Corrosion,71,85,Beam,sub2,120,False,3
C_1278,Corrosion,71,90,Beam,sub2,120,False,8
C_1279,Corrosion,72,5,Beam,sub2,120,False,23
C_1280,Corrosion,72,10,Beam,sub2,120,False,8
C_1281,Corrosion,72,15,Beam,sub2,120,False,16
C_1282,Corrosion,72,20,Beam,sub2,120,False,3
C_1283,Corrosion,72,25,Beam,sub2,120,False,26
C_1284,Corrosion,72,30,Beam,sub2,120,False,22
C_1285,Corrosion,72,35,Beam,sub2,120,False,9
C_1286,Corrosion,72,40,Beam,sub2,120,False,3
C_1287,Corrosion,72,45,Beam,sub2,120,False,26
C_1288,Corrosion,72,50,Beam,sub2,120,False,21
C_1289,Corrosion,72,55,Beam,sub2,120,False,6
C_1290,Corrosion,72,60,Beam,sub2,120,False,14
C_1291,Corrosion,72,65,Beam,sub2,120,False,18
C_1292,Corrosion,72,70,Beam,sub2,120,False,26
C_1293,Corrosion,72,75,Beam,sub2,120,False,26
C_1294,Corrosion,72,80,Beam,sub2,120,False,13
C_1295,Corrosion,72,85,Beam,sub2,120,False,5
C_1296,Corrosion,72,90,Beam,sub2,120,False,11
C_1297,Corrosion,73,5,Brace,sub3,120,True,0
C_1298,Corrosion,73,10,Brace,sub3,120,True,0
C_1299,Corrosion,73,15,Brace,sub3,120,True,0
C_1300,Corrosion,73,20,Brace,sub3,120,True,0
C_1301,Corrosion,73,25,Brace,sub3,120,True,0
C_1302,Corrosion,73,30,Brace,sub3,120,True,0
C_1303,Corrosion,73,35,Brace,sub3,120,True,0
C_1304,Corrosion,73,40,Brace,sub3,120,True,0
C_1305,Corrosion,73,45,Brace,sub3,120,True,0
C_1306,Corrosion,73,50,Brace,sub3,120,True,0
C_1307,Corrosion,73,55,Brace,sub3,120,True,0
C_1308,Corrosion,73,60,Brace,sub3,120,True,0
C_1309,Corrosion,73,65,Brace,sub3,120,True,0
C_1310,Corrosion,73,70,Brace,sub3,120,True,0
C_1311,Corrosion,73,75,Brace,sub3,120,True,0
C_1312,Corrosion,73,80,Brace,sub3,120,True,0
C_1313,Corrosion,73,85,Brace,sub3,120,True,1
C_1314,Corrosion,73,90,Brace,sub3,120,False,6
C_1315,Corrosion,74,5,Brace,sub3,120,True,1
C_1316,Corrosion,74,10,Brace,sub3,120,True,1
C_1317,Corrosion,74,15,Brace,sub3,120,True,1
C_1318,Corrosion,74,20,Brace,sub3,120,True,1
C_1319,Corrosion,74,25,Brace,sub3,120,True,1
C_1320,Corrosion,74,30,Brace,sub3,120,True,1
C_1321,Corrosion,74,35,Brace,sub3,120,True,1
C_1322,Corrosion,74,40,Brace,sub3,120,True,1
C_1323,Corrosion,74,45,Brace,sub3,120,True,1
C_1324,Corrosion,74,50,Brace,sub3,120,True,1
C_1325,Corrosion,74,55,Brace,sub3,120,True,1
C_1326,Corrosion,74,60,Brace,sub3,120,True,1
C_1327,Corrosion,74,65,Brace,sub3,120,True,1
C_1328,Corrosion,74,70,Brace,sub3,120,True,1
C_1329,Corrosion,74,75,Brace,sub3,120,True,1
C_1330,Corrosion,74,80,Brace,sub3,120,True,1
C_1331,Corrosion,74,85,Brace,sub3,120,True,1
C_1332,Corrosion,74,90,Brace,sub3,120,True,1
C_1333,Corrosion,75,5,Brace,sub3,120,True,1
C_1334,Corrosion,75,10,Brace,sub3,120,True,1
C_1335,Corrosion,75,15,Brace,sub3,120,True,1
C_1336,Corrosion,75,20,Brace,sub3,120,True,1
C_1337,Corrosion,75,25,Brace,sub3,120,True,1
C_1338,Corrosion,75,30,Brace,sub3,120,True,1
C_1339,Corrosion,75,35,Brace,sub3,120,True,1
C_1340,Corrosion,75,40,Brace,sub3,120,True,1
C_1341,Corrosion,75,45,Brace,sub3,120,True,1
C_1342,Corrosion,75,50,Brace,sub3,120,True,1
C_1343,Corrosion,75,55,Brace,sub3,120,True,1
C_1344,Corrosion,75,60,Brace,sub3,120,True,1
C_1345,Corrosion,75,65,Brace,sub3,120,True,1
C_1346,Corrosion,75,70,Brace,sub3,120,True,1
C_1347,Corrosion,75,75,Brace,sub3,120,True,1
C_1348,Corrosion,75,80,Brace,sub3,120,True,1
C_1349,Corrosion,75,85,Brace,sub3,120,True,2
C_1350,Corrosion,75,90,Brace,sub3,120,False,7
C_1351,Corrosion,76,5,Brace,sub3,120,True,1
C_1352,Corrosion,76,10,Brace,sub3,120,True,1
C_1353,Corrosion,76,15,Brace,sub3,120,True,1
C_1354,Corrosion,76,20,Brace,sub3,120,True,1
C_1355,Corrosion,76,25,Brace,sub3,120,True,1
C_1356,Corrosion,76,30,Brace,sub3,120,True,1
C_1357,Corrosion,76,35,Brace,sub3,120,True,1
C_1358,Corrosion,76,40,Brace,sub3,120,True,1
C_1359,Corrosion,76,45,Brace,sub3,120,True,1
C_1360,Corrosion,76,50,Brace,sub3,120,True,1
C_1361,Corrosion,76,55,Brace,sub3,120,True,1
C_1362,Corrosion,76,60,Brace,sub3,120,True,1
C_1363,Corrosion,76,65,Brace,sub3,120,True,1
C_1364,Corrosion,76,70,Brace,sub3,120,True,1
C_1365,Corrosion,76,75,Brace,sub3,120,True,1
C_1366,Corrosion,76,80,Brace,sub3,120,True,1
C_1367,Corrosion,76,85,Brace,sub3,120,True,1
C_1368,Corrosion,76,90,Brace,sub3,120,True,1
C_1369,Corrosion,77,5,Inclined_leg,sub3,120,True,1
C_1370,Corrosion,77,10,Inclined_leg,sub3,120,True,1
C_1371,Corrosion,77,15,Inclined_leg,sub3,120,True,1
C_1372,Corrosion,77,20,Inclined_leg,sub3,120,True,1
C_1373,Corrosion,77,25,Inclined_leg,sub3,120,True,1
C_1374,Corrosion,77,30,Inclined_leg,sub3,120,True,1
C_1375,Corrosion,77,35,Inclined_leg,sub3,120,True,1
C_1376,Corrosion,77,40,Inclined_leg,sub3,120,True,1
C_1377,Corrosion,77,45,Inclined_leg,sub3,120,True,1
C_1378,Corrosion,77,50,Inclined_leg,sub3,120,True,1
C_1379,Corrosion,77,55,Inclined_leg,sub3,120,True,1
C_1380,Corrosion,77,60,Inclined_leg,sub3,120,True,1
C_1381,Corrosion,77,65,Inclined_leg,sub3,120,True,1
C_1382,Corrosion,77,70,Inclined_leg,sub3,120,True,1
C_1383,Corrosion,77,75,Inclined_leg,sub3,120,True,1
C_1384,Corrosion,77,80,Inclined_leg,sub3,120,True,1
C_1385,Corrosion,77,85,Inclined_leg,sub3,120,True,1
C_1386,Corrosion,77,90,Inclined_leg,sub3,120,True,1
C_1387,Corrosion,78,5,Brace,sub3,120,True,0
C_1388,Corrosion,78,10,Brace,sub3,120,True,0
C_1389,Corrosion,78,15,Brace,sub3,120,True,0
C_1390,Corrosion,78,20,Brace,sub3,120,True,0
C_1391,Corrosion,78,25,Brace,sub3,120,True,0
C_1392,Corrosion,78,30,Brace,sub3,120,True,0
C_1393,Corrosion,78,35,Brace,sub3,120,True,0
C_1394,Corrosion,78,40,Brace,sub3,120,True,0
C_1395,Corrosion,78,45,Brace,sub3,120,True,0
C_1396,Corrosion,78,50,Brace,sub3,120,True,0
C_1397,Corrosion,78,55,Brace,sub3,120,True,0
C_1398,Corrosion,78,60,Brace,sub3,120,True,0
C_1399,Corrosion,78,65,Brace,sub3,120,True,0
C_1400,Corrosion,78,70,Brace,sub3,120,True,0
C_1401,Corrosion,78,75,Brace,sub3,120,True,0
C_1402,Corrosion,78,80,Brace,sub3,120,True,0
C_1403,Corrosion,78,85,Brace,sub3,120,True,0
C_1404,Corrosion,78,90,Brace,sub3,120,True,0
C_1405,Corrosion,79,5,Brace,sub3,120,True,1
C_1406,Corrosion,79,10,Brace,sub3,120,True,1
C_1407,Corrosion,79,15,Brace,sub3,120,True,1
C_1408,Corrosion,79,20,Brace,sub3,120,True,1
C_1409,Corrosion,79,25,Brace,sub3,120,True,1
C_1410,Corrosion,79,30,Brace,sub3,120,True,1
C_1411,Corrosion,79,35,Brace,sub3,120,True,1
C_1412,Corrosion,79,40,Brace,sub3,120,True,1
C_1413,Corrosion,79,45,Brace,sub3,120,True,1
C_1414,Corrosion,79,50,Brace,sub3,120,True,1
C_1415,Corrosion,79,55,Brace,sub3,120,True,1
C_1416,Corrosion,79,60,Brace,sub3,120,True,1
C_1417,Corrosion,79,65,Brace,sub3,120,True,1
C_1418,Corrosion,79,70,Brace,sub3,120,True,1
C_1419,Corrosion,79,75,Brace,sub3,120,True,1
C_1420,Corrosion,79,80,Brace,sub3,120,True,1
C_1421,Corrosion,79,85,Brace,sub3,120,True,1
C_1422,Corrosion,79,90,Brace,sub3,120,True,1
C_1423,Corrosion,80,5,Brace,sub3,120,True,1
C_1424,Corrosion,80,10,Brace,sub3,120,True,1
C_1425,Corrosion,80,15,Brace,sub3,120,True,1
C_1426,Corrosion,80,20,Brace,sub3,120,True,1
C_1427,Corrosion,80,25,Brace,sub3,120,True,1
C_1428,Corrosion,80,30,Brace,sub3,120,True,1
C_1429,Corrosion,80,35,Brace,sub3,120,True,1
C_1430,Corrosion,80,40,Brace,sub3,120,True,1
C_1431,Corrosion,80,45,Brace,sub3,120,True,1
C_1432,Corrosion,80,50,Brace,sub3,120,True,1
C_1433,Corrosion,80,55,Brace,sub3,120,True,1
C_1434,Corrosion,80,60,Brace,sub3,120,True,1
C_1435,Corrosion,80,65,Brace,sub3,120,True,1
C_1436,Corrosion,80,70,Brace,sub3,120,True,1
C_1437,Corrosion,80,75,Brace,sub3,120,True,1
C_1438,Corrosion,80,80,Brace,sub3,120,True,1
C_1439,Corrosion,80,85,Brace,sub3,120,True,1
C_1440,Corrosion,80,90,Brace,sub3,120,True,1
C_1441,Corrosion,81,5,Brace,sub3,120,True,1
C_1442,Corrosion,81,10,Brace,sub3,120,True,1
C_1443,Corrosion,81,15,Brace,sub3,120,True,1
C_1444,Corrosion,81,20,Brace,sub3,120,True,1
C_1445,Corrosion,81,25,Brace,sub3,120,True,1
C_1446,Corrosion,81,30,Brace,sub3,120,True,1
C_1447,Corrosion,81,35,Brace,sub3,120,True,1
C_1448,Corrosion,81,40,Brace,sub3,120,True,1
C_1449,Corrosion,81,45,Brace,sub3,120,True,1
C_1450,Corrosion,81,50,Brace,sub3,120,True,1
C_1451,Corrosion,81,55,Brace,sub3,120,True,1
C_1452,Corrosion,81,60,Brace,sub3,120,True,1
C_1453,Corrosion,81,65,Brace,sub3,120,True,1
C_1454,Corrosion,81,70,Brace,sub3,120,True,1
C_1455,Corrosion,81,75,Brace,sub3,120,True,1
C_1456,Corrosion,81,80,Brace,sub3,120,True,1
C_1457,Corrosion,81,85,Brace,sub3,120,True,1
C_1458,Corrosion,81,90,Brace,sub3,120,True,1
C_1459,Corrosion,82,5,Inclined_leg,sub3,120,True,1
C_1460,Corrosion,82,10,Inclined_leg,sub3,120,True,1
C_1461,Corrosion,82,15,Inclined_leg,sub3,120,True,1
C_1462,Corrosion,82,20,Inclined_leg,sub3,120,True,1
C_1463,Corrosion,82,25,Inclined_leg,sub3,120,True,1
C_1464,Corrosion,82,30,Inclined_leg,sub3,120,True,1
C_1465,Corrosion,82,35,Inclined_leg,sub3,120,True,1
C_1466,Corrosion,82,40,Inclined_leg,sub3,120,True,1
C_1467,Corrosion,82,45,Inclined_leg,sub3,120,True,1
C_1468,Corrosion,82,50,Inclined_leg,sub3,120,True,1
C_1469,Corrosion,82,55,Inclined_leg,sub3,120,True,1
C_1470,Corrosion,82,60,Inclined_leg,sub3,120,True,1
C_1471,Corrosion,82,65,Inclined_leg,sub3,120,True,1
C_1472,Corrosion,82,70,Inclined_leg,sub3,120,True,1
C_1473,Corrosion,82,75,Inclined_leg,sub3,120,True,1
C_1474,Corrosion,82,80,Inclined_leg,sub3,120,True,1
C_1475,Corrosion,82,85,Inclined_leg,sub3,120,True,1
C_1476,Corrosion,82,90,Inclined_leg,sub3,120,True,1
C_1477,Corrosion,83,5,Brace,sub3,120,True,0
C_1478,Corrosion,83,10,Brace,sub3,120,True,0
C_1479,Corrosion,83,15,Brace,sub3,120,True,0
C_1480,Corrosion,83,20,Brace,sub3,120,True,0
C_1481,Corrosion,83,25,Brace,sub3,120,True,0
C_1482,Corrosion,83,30,Brace,sub3,120,True,0
C_1483,Corrosion,83,35,Brace,sub3,120,True,0
C_1484,Corrosion,83,40,Brace,sub3,120,True,0
C_1485,Corrosion,83,45,Brace,sub3,120,True,0
C_1486,Corrosion,83,50,Brace,sub3,120,True,0
C_1487,Corrosion,83,55,Brace,sub3,120,True,0
C_1488,Corrosion,83,60,Brace,sub3,120,True,0
C_1489,Corrosion,83,65,Brace,sub3,120,True,0
C_1490,Corrosion,83,70,Brace,sub3,120,True,0
C_1491,Corrosion,83,75,Brace,sub3,120,True,0
C_1492,Corrosion,83,80,Brace,sub3,120,True,0
C_1493,Corrosion,83,85,Brace,sub3,120,True,1
C_1494,Corrosion,83,90,Brace,sub3,120,False,6
C_1495,Corrosion,84,5,Brace,sub3,120,True,1
C_1496,Corrosion,84,10,Brace,sub3,120,True,1
C_1497,Corrosion,84,15,Brace,sub3,120,True,1
C_1498,Corrosion,84,20,Brace,sub3,120,True,1
C_1499,Corrosion,84,25,Brace,sub3,120,True,1
C_1500,Corrosion,84,30,Brace,sub3,120,True,1
C_1501,Corrosion,84,35,Brace,sub3,120,True,1
C_1502,Corrosion,84,40,Brace,sub3,120,True,1
C_1503,Corrosion,84,45,Brace,sub3,120,True,1
C_1504,Corrosion,84,50,Brace,sub3,120,True,1
C_1505,Corrosion,84,55,Brace,sub3,120,True,1
C_1506,Corrosion,84,60,Brace,sub3,120,True,1
C_1507,Corrosion,84,65,Brace,sub3,120,True,1
C_1508,Corrosion,84,70,Brace,sub3,120,True,1
C_1509,Corrosion,84,75,Brace,sub3,120,True,1
C_1510,Corrosion,84,80,Brace,sub3,120,True,1
C_1511,Corrosion,84,85,Brace,sub3,120,True,1
C_1512,Corrosion,84,90,Brace,sub3,120,True,1
C_1513,Corrosion,85,5,Brace,sub3,120,True,1
C_1514,Corrosion,85,10,Brace,sub3,120,True,1
C_1515,Corrosion,85,15,Brace,sub3,120,True,1
C_1516,Corrosion,85,20,Brace,sub3,120,True,1
C_1517,Corrosion,85,25,Brace,sub3,120,True,1
C_1518,Corrosion,85,30,Brace,sub3,120,True,1
C_1519,Corrosion,85,35,Brace,sub3,120,True,1
C_1520,Corrosion,85,40,Brace,sub3,120,True,1
C_1521,Corrosion,85,45,Brace,sub3,120,True,1
C_1522,Corrosion,85,50,Brace,sub3,120,True,1
C_1523,Corrosion,85,55,Brace,sub3,120,True,1
C_1524,Corrosion,85,60,Brace,sub3,120,True,1
C_1525,Corrosion,85,65,Brace,sub3,120,True,1
C_1526,Corrosion,85,70,Brace,sub3,120,True,1
C_1527,Corrosion,85,75,Brace,sub3,120,True,1
C_1528,Corrosion,85,80,Brace,sub3,120,True,1
C_1529,Corrosion,85,85,Brace,sub3,120,True,2
C_1530,Corrosion,85,90,Brace,sub3,120,False,7
C_1531,Corrosion,86,5,Brace,sub3,120,True,1
C_1532,Corrosion,86,10,Brace,sub3,120,True,1
C_1533,Corrosion,86,15,Brace,sub3,120,True,1
C_1534,Corrosion,86,20,Brace,sub3,120,True,1
C_1535,Corrosion,86,25,Brace,sub3,120,True,1
C_1536,Corrosion,86,30,Brace,sub3,120,True,1
C_1537,Corrosion,86,35,Brace,sub3,120,True,1
C_1538,Corrosion,86,40,Brace,sub3,120,True,1
C_1539,Corrosion,86,45,Brace,sub3,120,True,1
C_1540,Corrosion,86,50,Brace,sub3,120,True,1
C_1541,Corrosion,86,55,Brace,sub3,120,True,1
C_1542,Corrosion,86,60,Brace,sub3,120,True,1
C_1543,Corrosion,86,65,Brace,sub3,120,True,1
C_1544,Corrosion,86,70,Brace,sub3,120,True,1
C_1545,Corrosion,86,75,Brace,sub3,120,True,1
C_1546,Corrosion,86,80,Brace,sub3,120,True,1
C_1547,Corrosion,86,85,Brace,sub3,120,True,1
C_1548,Corrosion,86,90,Brace,sub3,120,True,1
C_1549,Corrosion,87,5,Inclined_leg,sub3,120,True,1
C_1550,Corrosion,87,10,Inclined_leg,sub3,120,True,1
C_1551,Corrosion,87,15,Inclined_leg,sub3,120,True,1
C_1552,Corrosion,87,20,Inclined_leg,sub3,120,True,1
C_1553,Corrosion,87,25,Inclined_leg,sub3,120,True,1
C_1554,Corrosion,87,30,Inclined_leg,sub3,120,True,1
C_1555,Corrosion,87,35,Inclined_leg,sub3,120,True,1
C_1556,Corrosion,87,40,Inclined_leg,sub3,120,True,1
C_1557,Corrosion,87,45,Inclined_leg,sub3,120,True,1
C_1558,Corrosion,87,50,Inclined_leg,sub3,120,True,1
C_1559,Corrosion,87,55,Inclined_leg,sub3,120,True,1
C_1560,Corrosion,87,60,Inclined_leg,sub3,120,True,1
C_1561,Corrosion,87,65,Inclined_leg,sub3,120,True,1
C_1562,Corrosion,87,70,Inclined_leg,sub3,120,True,1
C_1563,Corrosion,87,75,Inclined_leg,sub3,120,True,1
C_1564,Corrosion,87,80,Inclined_leg,sub3,120,True,1
C_1565,Corrosion,87,85,Inclined_leg,sub3,120,True,1
C_1566,Corrosion,87,90,Inclined_leg,sub3,120,True,1
C_1567,Corrosion,88,5,Brace,sub3,120,True,0
C_1568,Corrosion,88,10,Brace,sub3,120,True,0
C_1569,Corrosion,88,15,Brace,sub3,120,True,0
C_1570,Corrosion,88,20,Brace,sub3,120,True,0
C_1571,Corrosion,88,25,Brace,sub3,120,True,0
C_1572,Corrosion,88,30,Brace,sub3,120,True,0
C_1573,Corrosion,88,35,Brace,sub3,120,True,0
C_1574,Corrosion,88,40,Brace,sub3,120,True,0
C_1575,Corrosion,88,45,Brace,sub3,120,True,0
C_1576,Corrosion,88,50,Brace,sub3,120,True,0
C_1577,Corrosion,88,55,Brace,sub3,120,True,0
C_1578,Corrosion,88,60,Brace,sub3,120,True,0
C_1579,Corrosion,88,65,Brace,sub3,120,True,0
C_1580,Corrosion,88,70,Brace,sub3,120,True,0
C_1581,Corrosion,88,75,Brace,sub3,120,True,0
C_1582,Corrosion,88,80,Brace,sub3,120,True,0
C_1583,Corrosion,88,85,Brace,sub3,120,True,0
C_1584,Corrosion,88,90,Brace,sub3,120,True,3
C_1585,Corrosion,89,5,Brace,sub3,120,True,1
C_1586,Corrosion,89,10,Brace,sub3,120,True,1
C_1587,Corrosion,89,15,Brace,sub3,120,True,1
C_1588,Corrosion,89,20,Brace,sub3,120,True,1
C_1589,Corrosion,89,25,Brace,sub3,120,True,1
C_1590,Corrosion,89,30,Brace,sub3,120,True,1
C_1591,Corrosion,89,35,Brace,sub3,120,True,1
C_1592,Corrosion,89,40,Brace,sub3,120,True,1
C_1593,Corrosion,89,45,Brace,sub3,120,True,1
C_1594,Corrosion,89,50,Brace,sub3,120,True,1
C_1595,Corrosion,89,55,Brace,sub3,120,True,1
C_1596,Corrosion,89,60,Brace,sub3,120,True,1
C_1597,Corrosion,89,65,Brace,sub3,120,True,1
C_1598,Corrosion,89,70,Brace,sub3,120,True,1
C_1599,Corrosion,89,75,Brace,sub3,120,True,1
C_1600,Corrosion,89,80,Brace,sub3,120,True,1
C_1601,Corrosion,89,85,Brace,sub3,120,True,1
C_1602,Corrosion,89,90,Brace,sub3,120,True,1
C_1603,Corrosion,90,5,Brace,sub3,120,True,1
C_1604,Corrosion,90,10,Brace,sub3,120,True,1
C_1605,Corrosion,90,15,Brace,sub3,120,True,1
C_1606,Corrosion,90,20,Brace,sub3,120,True,1
C_1607,Corrosion,90,25,Brace,sub3,120,True,1
C_1608,Corrosion,90,30,Brace,sub3,120,True,1
C_1609,Corrosion,90,35,Brace,sub3,120,True,1
C_1610,Corrosion,90,40,Brace,sub3,120,True,1
C_1611,Corrosion,90,45,Brace,sub3,120,True,1
C_1612,Corrosion,90,50,Brace,sub3,120,True,1
C_1613,Corrosion,90,55,Brace,sub3,120,True,1
C_1614,Corrosion,90,60,Brace,sub3,120,True,1
C_1615,Corrosion,90,65,Brace,sub3,120,True,1
C_1616,Corrosion,90,70,Brace,sub3,120,True,1
C_1617,Corrosion,90,75,Brace,sub3,120,True,1
C_1618,Corrosion,90,80,Brace,sub3,120,True,1
C_1619,Corrosion,90,85,Brace,sub3,120,True,1
C_1620,Corrosion,90,90,Brace,sub3,120,True,4
C_1621,Corrosion,91,5,Brace,sub3,120,True,1
C_1622,Corrosion,91,10,Brace,sub3,120,True,1
C_1623,Corrosion,91,15,Brace,sub3,120,True,1
C_1624,Corrosion,91,20,Brace,sub3,120,True,1
C_1625,Corrosion,91,25,Brace,sub3,120,True,1
C_1626,Corrosion,91,30,Brace,sub3,120,True,1
C_1627,Corrosion,91,35,Brace,sub3,120,True,1
C_1628,Corrosion,91,40,Brace,sub3,120,True,1
C_1629,Corrosion,91,45,Brace,sub3,120,True,1
C_1630,Corrosion,91,50,Brace,sub3,120,True,1
C_1631,Corrosion,91,55,Brace,sub3,120,True,1
C_1632,Corrosion,91,60,Brace,sub3,120,True,1
C_1633,Corrosion,91,65,Brace,sub3,120,True,1
C_1634,Corrosion,91,70,Brace,sub3,120,True,1
C_1635,Corrosion,91,75,Brace,sub3,120,True,1
C_1636,Corrosion,91,80,Brace,sub3,120,True,1
C_1637,Corrosion,91,85,Brace,sub3,120,True,1
C_1638,Corrosion,91,90,Brace,sub3,120,True,1
C_1639,Corrosion,92,5,Inclined_leg,sub3,120,True,1
C_1640,Corrosion,92,10,Inclined_leg,sub3,120,True,1
C_1641,Corrosion,92,15,Inclined_leg,sub3,120,True,1
C_1642,Corrosion,92,20,Inclined_leg,sub3,120,True,1
C_1643,Corrosion,92,25,Inclined_leg,sub3,120,True,1
C_1644,Corrosion,92,30,Inclined_leg,sub3,120,True,1
C_1645,Corrosion,92,35,Inclined_leg,sub3,120,True,1
C_1646,Corrosion,92,40,Inclined_leg,sub3,120,True,1
C_1647,Corrosion,92,45,Inclined_leg,sub3,120,True,1
C_1648,Corrosion,92,50,Inclined_leg,sub3,120,True,1
C_1649,Corrosion,92,55,Inclined_leg,sub3,120,True,1
C_1650,Corrosion,92,60,Inclined_leg,sub3,120,True,1
C_1651,Corrosion,92,65,Inclined_leg,sub3,120,True,1
C_1652,Corrosion,92,70,Inclined_leg,sub3,120,True,1
C_1653,Corrosion,92,75,Inclined_leg,sub3,120,True,1
C_1654,Corrosion,92,80,Inclined_leg,sub3,120,True,1
C_1655,Corrosion,92,85,Inclined_leg,sub3,120,True,1
C_1656,Corrosion,92,90,Inclined_leg,sub3,120,True,1
C_1657,Corrosion,93,5,Beam,sub3,120,False,6
C_1658,Corrosion,93,10,Beam,sub3,120,False,8
C_1659,Corrosion,93,15,Beam,sub3,120,False,6
C_1660,Corrosion,93,20,Beam,sub3,120,False,8
C_1661,Corrosion,93,25,Beam,sub3,120,False,12
C_1662,Corrosion,93,30,Beam,sub3,120,False,6
C_1663,Corrosion,93,35,Beam,sub3,120,False,6
C_1664,Corrosion,93,40,Beam,sub3,120,False,6
C_1665,Corrosion,93,45,Beam,sub3,120,False,6
C_1666,Corrosion,93,50,Beam,sub3,120,False,6
C_1667,Corrosion,93,55,Beam,sub3,120,False,17
C_1668,Corrosion,93,60,Beam,sub3,120,False,6
C_1669,Corrosion,93,65,Beam,sub3,120,False,6
C_1670,Corrosion,93,70,Beam,sub3,120,False,6
C_1671,Corrosion,93,75,Beam,sub3,120,False,6
C_1672,Corrosion,93,80,Beam,sub3,120,False,8
C_1673,Corrosion,93,85,Beam,sub3,120,False,8
C_1674,Corrosion,93,90,Beam,sub3,120,False,6
C_1675,Corrosion,94,5,Beam,sub3,120,False,6
C_1676,Corrosion,94,10,Beam,sub3,120,False,6
C_1677,Corrosion,94,15,Beam,sub3,120,False,6
C_1678,Corrosion,94,20,Beam,sub3,120,False,8
C_1679,Corrosion,94,25,Beam,sub3,120,False,6
C_1680,Corrosion,94,30,Beam,sub3,120,False,6
C_1681,Corrosion,94,35,Beam,sub3,120,False,6
C_1682,Corrosion,94,40,Beam,sub3,120,False,6
C_1683,Corrosion,94,45,Beam,sub3,120,False,6
C_1684,Corrosion,94,50,Beam,sub3,120,False,6
C_1685,Corrosion,94,55,Beam,sub3,120,False,6
C_1686,Corrosion,94,60,Beam,sub3,120,False,6
C_1687,Corrosion,94,65,Beam,sub3,120,False,6
C_1688,Corrosion,94,70,Beam,sub3,120,False,6
C_1689,Corrosion,94,75,Beam,sub3,120,False,6
C_1690,Corrosion,94,80,Beam,sub3,120,False,6
C_1691,Corrosion,94,85,Beam,sub3,120,False,6
C_1692,Corrosion,94,90,Beam,sub3,120,False,6
C_1693,Corrosion,95,5,Beam,sub3,120,False,8
C_1694,Corrosion,95,10,Beam,sub3,120,False,6
C_1695,Corrosion,95,15,Beam,sub3,120,False,8
C_1696,Corrosion,95,20,Beam,sub3,120,False,6
C_1697,Corrosion,95,25,Beam,sub3,120,False,6
C_1698,Corrosion,95,30,Beam,sub3,120,False,6
C_1699,Corrosion,95,35,Beam,sub3,120,False,6
C_1700,Corrosion,95,40,Beam,sub3,120,False,8
C_1701,Corrosion,95,45,Beam,sub3,120,False,6
C_1702,Corrosion,95,50,Beam,sub3,120,False,6
C_1703,Corrosion,95,55,Beam,sub3,120,False,6
C_1704,Corrosion,95,60,Beam,sub3,120,False,10
C_1705,Corrosion,95,65,Beam,sub3,120,False,6
C_1706,Corrosion,95,70,Beam,sub3,120,False,6
C_1707,Corrosion,95,75,Beam,sub3,120,False,6
C_1708,Corrosion,95,80,Beam,sub3,120,False,6
C_1709,Corrosion,95,85,Beam,sub3,120,False,6
C_1710,Corrosion,95,90,Beam,sub3,120,False,6
C_1711,Corrosion,96,5,Beam,sub3,120,False,6
C_1712,Corrosion,96,10,Beam,sub3,120,False,6
C_1713,Corrosion,96,15,Beam,sub3,120,False,5
C_1714,Corrosion,96,20,Beam,sub3,120,False,8
C_1715,Corrosion,96,25,Beam,sub3,120,False,6
C_1716,Corrosion,96,30,Beam,sub3,120,False,6
C_1717,Corrosion,96,35,Beam,sub3,120,False,6
C_1718,Corrosion,96,40,Beam,sub3,120,False,9
C_1719,Corrosion,96,45,Beam,sub3,120,False,5
C_1720,Corrosion,96,50,Beam,sub3,120,False,8
C_1721,Corrosion,96,55,Beam,sub3,120,False,6
C_1722,Corrosion,96,60,Beam,sub3,120,False,6
C_1723,Corrosion,96,65,Beam,sub3,120,False,6
C_1724,Corrosion,96,70,Beam,sub3,120,False,6
C_1725,Corrosion,96,75,Beam,sub3,120,False,6
C_1726,Corrosion,96,80,Beam,sub3,120,False,6
C_1727,Corrosion,96,85,Beam,sub3,120,False,6
C_1728,Corrosion,96,90,Beam,sub3,120,False,6
C_1729,Corrosion,97,5,Inclined_leg,splash,120,False,5
C_1730,Corrosion,97,10,Inclined_leg,splash,120,False,5
C_1731,Corrosion,97,15,Inclined_leg,splash,120,False,5
C_1732,Corrosion,97,20,Inclined_leg,splash,120,False,5
C_1733,Corrosion,97,25,Inclined_leg,splash,120,False,5
C_1734,Corrosion,97,30,Inclined_leg,splash,120,False,5
C_1735,Corrosion,97,35,Inclined_leg,splash,120,False,5
C_1736,Corrosion,97,40,Inclined_leg,splash,120,False,5
C_1737,Corrosion,97,45,Inclined_leg,splash,120,False,5
C_1738,Corrosion,97,50,Inclined_leg,splash,120,False,5
C_1739,Corrosion,97,55,Inclined_leg,splash,120,False,5
C_1740,Corrosion,97,60,Inclined_leg,splash,120,False,5
C_1741,Corrosion,97,65,Inclined_leg,splash,120,False,5
C_1742,Corrosion,97,70,Inclined_leg,splash,120,False,5
C_1743,Corrosion,97,75,Inclined_leg,splash,120,False,5
C_1744,Corrosion,97,80,Inclined_leg,splash,120,False,5
C_1745,Corrosion,97,85,Inclined_leg,splash,120,False,5
C_1746,Corrosion,97,90,Inclined_leg,splash,120,False,4
C_1747,Corrosion,98,5,Brace,splash,120,True,0
C_1748,Corrosion,98,10,Brace,splash,120,True,0
C_1749,Corrosion,98,15,Brace,splash,120,True,0
C_1750,Corrosion,98,20,Brace,splash,120,True,0
C_1751,Corrosion,98,25,Brace,splash,120,True,0
C_1752,Corrosion,98,30,Brace,splash,120,True,0
C_1753,Corrosion,98,35,Brace,splash,120,True,0
C_1754,Corrosion,98,40,Brace,splash,120,True,0
C_1755,Corrosion,98,45,Brace,splash,120,True,0
C_1756,Corrosion,98,50,Brace,splash,120,True,0
C_1757,Corrosion,98,55,Brace,splash,120,True,0
C_1758,Corrosion,98,60,Brace,splash,120,True,0
C_1759,Corrosion,98,65,Brace,splash,120,True,0
C_1760,Corrosion,98,70,Brace,splash,120,True,0
C_1761,Corrosion,98,75,Brace,splash,120,True,0
C_1762,Corrosion,98,80,Brace,splash,120,True,0
C_1763,Corrosion,98,85,Brace,splash,120,True,0
C_1764,Corrosion,98,90,Brace,splash,120,True,0
C_1765,Corrosion,99,5,Brace,splash,120,True,1
C_1766,Corrosion,99,10,Brace,splash,120,True,1
C_1767,Corrosion,99,15,Brace,splash,120,True,1
C_1768,Corrosion,99,20,Brace,splash,120,True,1
C_1769,Corrosion,99,25,Brace,splash,120,True,1
C_1770,Corrosion,99,30,Brace,splash,120,True,1
C_1771,Corrosion,99,35,Brace,splash,120,True,1
C_1772,Corrosion,99,40,Brace,splash,120,True,1
C_1773,Corrosion,99,45,Brace,splash,120,True,1
C_1774,Corrosion,99,50,Brace,splash,120,True,1
C_1775,Corrosion,99,55,Brace,splash,120,True,1
C_1776,Corrosion,99,60,Brace,splash,120,True,1
C_1777,Corrosion,99,65,Brace,splash,120,True,1
C_1778,Corrosion,99,70,Brace,splash,120,True,1
C_1779,Corrosion,99,75,Brace,splash,120,True,1
C_1780,Corrosion,99,80,Brace,splash,120,True,1
C_1781,Corrosion,99,85,Brace,splash,120,True,1
C_1782,Corrosion,99,90,Brace,splash,120,True,1
C_1783,Corrosion,100,5,Brace,splash,120,True,1
C_1784,Corrosion,100,10,Brace,splash,120,True,1
C_1785,Corrosion,100,15,Brace,splash,120,True,1
C_1786,Corrosion,100,20,Brace,splash,120,True,1
C_1787,Corrosion,100,25,Brace,splash,120,True,1
C_1788,Corrosion,100,30,Brace,splash,120,True,1
C_1789,Corrosion,100,35,Brace,splash,120,True,1
C_1790,Corrosion,100,40,Brace,splash,120,True,1
C_1791,Corrosion,100,45,Brace,splash,120,True,1
C_1792,Corrosion,100,50,Brace,splash,120,True,1
C_1793,Corrosion,100,55,Brace,splash,120,True,1
C_1794,Corrosion,100,60,Brace,splash,120,True,1
C_1795,Corrosion,100,65,Brace,splash,120,True,1
C_1796,Corrosion,100,70,Brace,splash,120,True,1
C_1797,Corrosion,100,75,Brace,splash,120,True,1
C_1798,Corrosion,100,80,Brace,splash,120,True,1
C_1799,Corrosion,100,85,Brace,splash,120,True,1
C_1800,Corrosion,100,90,Brace,splash,120,True,1
C_1801,Corrosion,101,5,Brace,splash,120,True,1
C_1802,Corrosion,101,10,Brace,splash,120,True,1
C_1803,Corrosion,101,15,Brace,splash,120,True,1
C_1804,Corrosion,101,20,Brace,splash,120,True,1
C_1805,Corrosion,101,25,Brace,splash,120,True,1
C_1806,Corrosion,101,30,Brace,splash,120,True,1
C_1807,Corrosion,101,35,Brace,splash,120,True,1
C_1808,Corrosion,101,40,Brace,splash,120,True,1
C_1809,Corrosion,101,45,Brace,splash,120,True,1
C_1810,Corrosion,101,50,Brace,splash,120,True,1
C_1811,Corrosion,101,55,Brace,splash,120,True,1
C_1812,Corrosion,101,60,Brace,splash,120,True,1
C_1813,Corrosion,101,65,Brace,splash,120,True,1
C_1814,Corrosion,101,70,Brace,splash,120,True,1
C_1815,Corrosion,101,75,Brace,splash,120,True,1
C_1816,Corrosion,101,80,Brace,splash,120,True,1
C_1817,Corrosion,101,85,Brace,splash,120,True,1
C_1818,Corrosion,101,90,Brace,splash,120,True,1
C_1819,Corrosion,102,5,Inclined_leg,splash,120,False,7
C_1820,Corrosion,102,10,Inclined_leg,splash,120,False,7
C_1821,Corrosion,102,15,Inclined_leg,splash,120,False,7
C_1822,Corrosion,102,20,Inclined_leg,splash,120,False,7
C_1823,Corrosion,102,25,Inclined_leg,splash,120,False,7
C_1824,Corrosion,102,30,Inclined_leg,splash,120,False,7
C_1825,Corrosion,102,35,Inclined_leg,splash,120,False,9
C_1826,Corrosion,102,40,Inclined_leg,splash,120,False,9
C_1827,Corrosion,102,45,Inclined_leg,splash,120,False,8
C_1828,Corrosion,102,50,Inclined_leg,splash,120,False,23
C_1829,Corrosion,102,55,Inclined_leg,splash,120,False,17
C_1830,Corrosion,102,60,Inclined_leg,splash,120,False,5
C_1831,Corrosion,102,65,Inclined_leg,splash,120,False,5
C_1832,Corrosion,102,70,Inclined_leg,splash,120,False,5
C_1833,Corrosion,102,75,Inclined_leg,splash,120,False,5
C_1834,Corrosion,102,80,Inclined_leg,splash,120,False,5
C_1835,Corrosion,102,85,Inclined_leg,splash,120,False,5
C_1836,Corrosion,102,90,Inclined_leg,splash,120,False,5
C_1837,Corrosion,103,5,Brace,splash,120,True,0
C_1838,Corrosion,103,10,Brace,splash,120,True,0
C_1839,Corrosion,103,15,Brace,splash,120,True,0
C_1840,Corrosion,103,20,Brace,splash,120,True,0
C_1841,Corrosion,103,25,Brace,splash,120,True,0
C_1842,Corrosion,103,30,Brace,splash,120,True,0
C_1843,Corrosion,103,35,Brace,splash,120,True,0
C_1844,Corrosion,103,40,Brace,splash,120,True,0
C_1845,Corrosion,103,45,Brace,splash,120,True,0
C_1846,Corrosion,103,50,Brace,splash,120,True,0
C_1847,Corrosion,103,55,Brace,splash,120,True,0
C_1848,Corrosion,103,60,Brace,splash,120,True,0
C_1849,Corrosion,103,65,Brace,splash,120,True,0
C_1850,Corrosion,103,70,Brace,splash,120,True,0
C_1851,Corrosion,103,75,Brace,splash,120,True,0
C_1852,Corrosion,103,80,Brace,splash,120,True,0
C_1853,Corrosion,103,85,Brace,splash,120,True,0
C_1854,Corrosion,103,90,Brace,splash,120,True,0
C_1855,Corrosion,104,5,Brace,splash,120,True,1
C_1856,Corrosion,104,10,Brace,splash,120,True,1
C_1857,Corrosion,104,15,Brace,splash,120,True,1
C_1858,Corrosion,104,20,Brace,splash,120,True,1
C_1859,Corrosion,104,25,Brace,splash,120,True,1
C_1860,Corrosion,104,30,Brace,splash,120,True,1
C_1861,Corrosion,104,35,Brace,splash,120,True,1
C_1862,Corrosion,104,40,Brace,splash,120,True,1
C_1863,Corrosion,104,45,Brace,splash,120,True,1
C_1864,Corrosion,104,50,Brace,splash,120,True,1
C_1865,Corrosion,104,55,Brace,splash,120,True,1
C_1866,Corrosion,104,60,Brace,splash,120,True,1
C_1867,Corrosion,104,65,Brace,splash,120,True,1
C_1868,Corrosion,104,70,Brace,splash,120,True,1
C_1869,Corrosion,104,75,Brace,splash,120,True,1
C_1870,Corrosion,104,80,Brace,splash,120,True,1
C_1871,Corrosion,104,85,Brace,splash,120,True,1
C_1872,Corrosion,104,90,Brace,splash,120,True,1
C_1873,Corrosion,105,5,Brace,splash,120,True,1
C_1874,Corrosion,105,10,Brace,splash,120,True,1
C_1875,Corrosion,105,15,Brace,splash,120,True,1
C_1876,Corrosion,105,20,Brace,splash,120,True,1
C_1877,Corrosion,105,25,Brace,splash,120,True,1
C_1878,Corrosion,105,30,Brace,splash,120,True,1
C_1879,Corrosion,105,35,Brace,splash,120,True,1
C_1880,Corrosion,105,40,Brace,splash,120,True,1
C_1881,Corrosion,105,45,Brace,splash,120,True,1
C_1882,Corrosion,105,50,Brace,splash,120,True,1
C_1883,Corrosion,105,55,Brace,splash,120,True,1
C_1884,Corrosion,105,60,Brace,splash,120,True,1
C_1885,Corrosion,105,65,Brace,splash,120,True,1
C_1886,Corrosion,105,70,Brace,splash,120,True,1
C_1887,Corrosion,105,75,Brace,splash,120,True,1
C_1888,Corrosion,105,80,Brace,splash,120,True,1
C_1889,Corrosion,105,85,Brace,splash,120,True,1
C_1890,Corrosion,105,90,Brace,splash,120,True,1
C_1891,Corrosion,106,5,Brace,splash,120,True,1
C_1892,Corrosion,106,10,Brace,splash,120,True,1
C_1893,Corrosion,106,15,Brace,splash,120,True,1
C_1894,Corrosion,106,20,Brace,splash,120,True,1
C_1895,Corrosion,106,25,Brace,splash,120,True,1
C_1896,Corrosion,106,30,Brace,splash,120,True,1
C_1897,Corrosion,106,35,Brace,splash,120,True,1
C_1898,Corrosion,106,40,Brace,splash,120,True,1
C_1899,Corrosion,106,45,Brace,splash,120,True,1
C_1900,Corrosion,106,50,Brace,splash,120,True,1
C_1901,Corrosion,106,55,Brace,splash,120,True,1
C_1902,Corrosion,106,60,Brace,splash,120,True,1
C_1903,Corrosion,106,65,Brace,splash,120,True,1
C_1904,Corrosion,106,70,Brace,splash,120,True,1
C_1905,Corrosion,106,75,Brace,splash,120,True,1
C_1906,Corrosion,106,80,Brace,splash,120,True,1
C_1907,Corrosion,106,85,Brace,splash,120,True,1
C_1908,Corrosion,106,90,Brace,splash,120,True,1
C_1909,Corrosion,107,5,Inclined_leg,splash,120,False,7
C_1910,Corrosion,107,10,Inclined_leg,splash,120,False,7
C_1911,Corrosion,107,15,Inclined_leg,splash,120,False,7
C_1912,Corrosion,107,20,Inclined_leg,splash,120,False,7
C_1913,Corrosion,107,25,Inclined_leg,splash,120,False,7
C_1914,Corrosion,107,30,Inclined_leg,splash,120,False,7
C_1915,Corrosion,107,35,Inclined_leg,splash,120,False,9
C_1916,Corrosion,107,40,Inclined_leg,splash,120,False,9
C_1917,Corrosion,107,45,Inclined_leg,splash,120,False,8
C_1918,Corrosion,107,50,Inclined_leg,splash,120,False,15
C_1919,Corrosion,107,55,Inclined_leg,splash,120,False,27
C_1920,Corrosion,107,60,Inclined_leg,splash,120,False,5
C_1921,Corrosion,107,65,Inclined_leg,splash,120,False,5
C_1922,Corrosion,107,70,Inclined_leg,splash,120,False,5
C_1923,Corrosion,107,75,Inclined_leg,splash,120,False,5
C_1924,Corrosion,107,80,Inclined_leg,splash,120,False,5
C_1925,Corrosion,107,85,Inclined_leg,splash,120,False,5
C_1926,Corrosion,107,90,Inclined_leg,splash,120,False,5
C_1927,Corrosion,108,5,Brace,splash,120,True,0
C_1928,Corrosion,108,10,Brace,splash,120,True,0
C_1929,Corrosion,108,15,Brace,splash,120,True,0
C_1930,Corrosion,108,20,Brace,splash,120,True,0
C_1931,Corrosion,108,25,Brace,splash,120,True,0
C_1932,Corrosion,108,30,Brace,splash,120,True,0
C_1933,Corrosion,108,35,Brace,splash,120,True,0
C_1934,Corrosion,108,40,Brace,splash,120,True,0
C_1935,Corrosion,108,45,Brace,splash,120,True,0
C_1936,Corrosion,108,50,Brace,splash,120,True,0
C_1937,Corrosion,108,55,Brace,splash,120,True,0
C_1938,Corrosion,108,60,Brace,splash,120,True,0
C_1939,Corrosion,108,65,Brace,splash,120,True,0
C_1940,Corrosion,108,70,Brace,splash,120,True,0
C_1941,Corrosion,108,75,Brace,splash,120,True,0
C_1942,Corrosion,108,80,Brace,splash,120,True,0
C_1943,Corrosion,108,85,Brace,splash,120,True,0
C_1944,Corrosion,108,90,Brace,splash,120,True,0
C_1945,Corrosion,109,5,Brace,splash,120,True,1
C_1946,Corrosion,109,10,Brace,splash,120,True,1
C_1947,Corrosion,109,15,Brace,splash,120,True,1
C_1948,Corrosion,109,20,Brace,splash,120,True,1
C_1949,Corrosion,109,25,Brace,splash,120,True,1
C_1950,Corrosion,109,30,Brace,splash,120,True,1
C_1951,Corrosion,109,35,Brace,splash,120,True,1
C_1952,Corrosion,109,40,Brace,splash,120,True,1
C_1953,Corrosion,109,45,Brace,splash,120,True,1
C_1954,Corrosion,109,50,Brace,splash,120,True,1
C_1955,Corrosion,109,55,Brace,splash,120,True,1
C_1956,Corrosion,109,60,Brace,splash,120,True,1
C_1957,Corrosion,109,65,Brace,splash,120,True,1
C_1958,Corrosion,109,70,Brace,splash,120,True,1
C_1959,Corrosion,109,75,Brace,splash,120,True,1
C_1960,Corrosion,109,80,Brace,splash,120,True,1
C_1961,Corrosion,109,85,Brace,splash,120,True,1
C_1962,Corrosion,109,90,Brace,splash,120,True,1
C_1963,Corrosion,110,5,Brace,splash,120,True,1
C_1964,Corrosion,110,10,Brace,splash,120,True,1
C_1965,Corrosion,110,15,Brace,splash,120,True,1
C_1966,Corrosion,110,20,Brace,splash,120,True,1
C_1967,Corrosion,110,25,Brace,splash,120,True,1
C_1968,Corrosion,110,30,Brace,splash,120,True,1
C_1969,Corrosion,110,35,Brace,splash,120,True,1
C_1970,Corrosion,110,40,Brace,splash,120,True,1
C_1971,Corrosion,110,45,Brace,splash,120,True,1
C_1972,Corrosion,110,50,Brace,splash,120,True,1
C_1973,Corrosion,110,55,Brace,splash,120,True,1
C_1974,Corrosion,110,60,Brace,splash,120,True,1
C_1975,Corrosion,110,65,Brace,splash,120,True,1
C_1976,Corrosion,110,70,Brace,splash,120,True,1
C_1977,Corrosion,110,75,Brace,splash,120,True,1
C_1978,Corrosion,110,80,Brace,splash,120,True,1
C_1979,Corrosion,110,85,Brace,splash,120,True,1
C_1980,Corrosion,110,90,Brace,splash,120,True,1
C_1981,Corrosion,111,5,Brace,splash,120,True,1
C_1982,Corrosion,111,10,Brace,splash,120,True,1
C_1983,Corrosion,111,15,Brace,splash,120,True,1
C_1984,Corrosion,111,20,Brace,splash,120,True,1
C_1985,Corrosion,111,25,Brace,splash,120,True,1
C_1986,Corrosion,111,30,Brace,splash,120,True,1
C_1987,Corrosion,111,35,Brace,splash,120,True,1
C_1988,Corrosion,111,40,Brace,splash,120,True,1
C_1989,Corrosion,111,45,Brace,splash,120,True,1
C_1990,Corrosion,111,50,Brace,splash,120,True,1
C_1991,Corrosion,111,55,Brace,splash,120,True,1
C_1992,Corrosion,111,60,Brace,splash,120,True,1
C_1993,Corrosion,111,65,Brace,splash,120,True,1
C_1994,Corrosion,111,70,Brace,splash,120,True,1
C_1995,Corrosion,111,75,Brace,splash,120,True,1
C_1996,Corrosion,111,80,Brace,splash,120,True,1
C_1997,Corrosion,111,85,Brace,splash,120,True,1
C_1998,Corrosion,111,90,Brace,splash,120,True,1
C_1999,Corrosion,112,5,Inclined_leg,splash,120,False,7
C_2000,Corrosion,112,10,Inclined_leg,splash,120,False,7
C_2001,Corrosion,112,15,Inclined_leg,splash,120,False,7
C_2002,Corrosion,112,20,Inclined_leg,splash,120,False,7
C_2003,Corrosion,112,25,Inclined_leg,splash,120,False,7
C_2004,Corrosion,112,30,Inclined_leg,splash,120,False,7
C_2005,Corrosion,112,35,Inclined_leg,splash,120,False,9
C_2006,Corrosion,112,40,Inclined_leg,splash,120,False,9
C_2007,Corrosion,112,45,Inclined_leg,splash,120,False,8
C_2008,Corrosion,112,50,Inclined_leg,splash,120,False,27
C_2009,Corrosion,112,55,Inclined_leg,splash,120,False,8
C_2010,Corrosion,112,60,Inclined_leg,splash,120,False,5
C_2011,Corrosion,112,65,Inclined_leg,splash,120,False,5
C_2012,Corrosion,112,70,Inclined_leg,splash,120,False,5
C_2013,Corrosion,112,75,Inclined_leg,splash,120,False,5
C_2014,Corrosion,112,80,Inclined_leg,splash,120,False,5
C_2015,Corrosion,112,85,Inclined_leg,splash,120,False,5
C_2016,Corrosion,112,90,Inclined_leg,splash,120,False,5
C_2017,Corrosion,113,5,Brace,splash,120,True,0
C_2018,Corrosion,113,10,Brace,splash,120,True,0
C_2019,Corrosion,113,15,Brace,splash,120,True,0
C_2020,Corrosion,113,20,Brace,splash,120,True,0
C_2021,Corrosion,113,25,Brace,splash,120,True,0
C_2022,Corrosion,113,30,Brace,splash,120,True,0
C_2023,Corrosion,113,35,Brace,splash,120,True,0
C_2024,Corrosion,113,40,Brace,splash,120,True,0
C_2025,Corrosion,113,45,Brace,splash,120,True,0
C_2026,Corrosion,113,50,Brace,splash,120,True,0
C_2027,Corrosion,113,55,Brace,splash,120,True,0
C_2028,Corrosion,113,60,Brace,splash,120,True,0
C_2029,Corrosion,113,65,Brace,splash,120,True,0
C_2030,Corrosion,113,70,Brace,splash,120,True,0
C_2031,Corrosion,113,75,Brace,splash,120,True,0
C_2032,Corrosion,113,80,Brace,splash,120,True,0
C_2033,Corrosion,113,85,Brace,splash,120,True,0
C_2034,Corrosion,113,90,Brace,splash,120,True,0
C_2035,Corrosion,114,5,Brace,splash,120,True,1
C_2036,Corrosion,114,10,Brace,splash,120,True,1
C_2037,Corrosion,114,15,Brace,splash,120,True,1
C_2038,Corrosion,114,20,Brace,splash,120,True,1
C_2039,Corrosion,114,25,Brace,splash,120,True,1
C_2040,Corrosion,114,30,Brace,splash,120,True,1
C_2041,Corrosion,114,35,Brace,splash,120,True,1
C_2042,Corrosion,114,40,Brace,splash,120,True,1
C_2043,Corrosion,114,45,Brace,splash,120,True,1
C_2044,Corrosion,114,50,Brace,splash,120,True,1
C_2045,Corrosion,114,55,Brace,splash,120,True,1
C_2046,Corrosion,114,60,Brace,splash,120,True,1
C_2047,Corrosion,114,65,Brace,splash,120,True,1
C_2048,Corrosion,114,70,Brace,splash,120,True,1
C_2049,Corrosion,114,75,Brace,splash,120,True,1
C_2050,Corrosion,114,80,Brace,splash,120,True,1
C_2051,Corrosion,114,85,Brace,splash,120,True,1
C_2052,Corrosion,114,90,Brace,splash,120,True,1
C_2053,Corrosion,115,5,Brace,splash,120,True,1
C_2054,Corrosion,115,10,Brace,splash,120,True,1
C_2055,Corrosion,115,15,Brace,splash,120,True,1
C_2056,Corrosion,115,20,Brace,splash,120,True,1
C_2057,Corrosion,115,25,Brace,splash,120,True,1
C_2058,Corrosion,115,30,Brace,splash,120,True,1
C_2059,Corrosion,115,35,Brace,splash,120,True,1
C_2060,Corrosion,115,40,Brace,splash,120,True,1
C_2061,Corrosion,115,45,Brace,splash,120,True,1
C_2062,Corrosion,115,50,Brace,splash,120,True,1
C_2063,Corrosion,115,55,Brace,splash,120,True,1
C_2064,Corrosion,115,60,Brace,splash,120,True,1
C_2065,Corrosion,115,65,Brace,splash,120,True,1
C_2066,Corrosion,115,70,Brace,splash,120,True,1
C_2067,Corrosion,115,75,Brace,splash,120,True,1
C_2068,Corrosion,115,80,Brace,splash,120,True,1
C_2069,Corrosion,115,85,Brace,splash,120,True,1
C_2070,Corrosion,115,90,Brace,splash,120,True,1
C_2071,Corrosion,116,5,Brace,splash,120,True,1
C_2072,Corrosion,116,10,Brace,splash,120,True,1
C_2073,Corrosion,116,15,Brace,splash,120,True,1
C_2074,Corrosion,116,20,Brace,splash,120,True,1
C_2075,Corrosion,116,25,Brace,splash,120,True,1
C_2076,Corrosion,116,30,Brace,splash,120,True,1
C_2077,Corrosion,116,35,Brace,splash,120,True,1
C_2078,Corrosion,116,40,Brace,splash,120,True,1
C_2079,Corrosion,116,45,Brace,splash,120,True,1
C_2080,Corrosion,116,50,Brace,splash,120,True,1
C_2081,Corrosion,116,55,Brace,splash,120,True,1
C_2082,Corrosion,116,60,Brace,splash,120,True,1
C_2083,Corrosion,116,65,Brace,splash,120,True,1
C_2084,Corrosion,116,70,Brace,splash,120,True,1
C_2085,Corrosion,116,75,Brace,splash,120,True,1
C_2086,Corrosion,116,80,Brace,splash,120,True,1
C_2087,Corrosion,116,85,Brace,splash,120,True,1
C_2088,Corrosion,116,90,Brace,splash,120,True,1
C_2089,Corrosion,117,5,Beam,splash,120,False,16
C_2090,Corrosion,117,10,Beam,splash,120,False,16
C_2091,Corrosion,117,15,Beam,splash,120,False,19
C_2092,Corrosion,117,20,Beam,splash,120,False,17
C_2093,Corrosion,117,25,Beam,splash,120,False,17
C_2094,Corrosion,117,30,Beam,splash,120,False,17
C_2095,Corrosion,117,35,Beam,splash,120,False,17
C_2096,Corrosion,117,40,Beam,splash,120,False,17
C_2097,Corrosion,117,45,Beam,splash,120,False,17
C_2098,Corrosion,117,50,Beam,splash,120,False,17
C_2099,Corrosion,117,55,Beam,splash,120,False,17
C_2100,Corrosion,117,60,Beam,splash,120,False,17
C_2101,Corrosion,117,65,Beam,splash,120,False,17
C_2102,Corrosion,117,70,Beam,splash,120,False,17
C_2103,Corrosion,117,75,Beam,splash,120,False,17
C_2104,Corrosion,117,80,Beam,splash,120,False,17
C_2105,Corrosion,117,85,Beam,splash,120,False,17
C_2106,Corrosion,117,90,Beam,splash,120,False,17
C_2107,Corrosion,118,5,Beam,splash,120,False,15
C_2108,Corrosion,118,10,Beam,splash,120,False,19
C_2109,Corrosion,118,15,Beam,splash,120,False,19
C_2110,Corrosion,118,20,Beam,splash,120,False,17
C_2111,Corrosion,118,25,Beam,splash,120,False,17
C_2112,Corrosion,118,30,Beam,splash,120,False,17
C_2113,Corrosion,118,35,Beam,splash,120,False,19
C_2114,Corrosion,118,40,Beam,splash,120,False,17
C_2115,Corrosion,118,45,Beam,splash,120,False,17
C_2116,Corrosion,118,50,Beam,splash,120,False,17
C_2117,Corrosion,118,55,Beam,splash,120,False,17
C_2118,Corrosion,118,60,Beam,splash,120,False,17
C_2119,Corrosion,118,65,Beam,splash,120,False,17
C_2120,Corrosion,118,70,Beam,splash,120,False,17
C_2121,Corrosion,118,75,Beam,splash,120,False,17
C_2122,Corrosion,118,80,Beam,splash,120,False,17
C_2123,Corrosion,118,85,Beam,splash,120,False,17
C_2124,Corrosion,118,90,Beam,splash,120,False,17
C_2125,Corrosion,119,5,Beam,splash,120,False,14
C_2126,Corrosion,119,10,Beam,splash,120,False,16
C_2127,Corrosion,119,15,Beam,splash,120,False,23
C_2128,Corrosion,119,20,Beam,splash,120,False,17
C_2129,Corrosion,119,25,Beam,splash,120,False,22
C_2130,Corrosion,119,30,Beam,splash,120,False,19
C_2131,Corrosion,119,35,Beam,splash,120,False,17
C_2132,Corrosion,119,40,Beam,splash,120,False,17
C_2133,Corrosion,119,45,Beam,splash,120,False,19
C_2134,Corrosion,119,50,Beam,splash,120,False,16
C_2135,Corrosion,119,55,Beam,splash,120,False,17
C_2136,Corrosion,119,60,Beam,splash,120,False,17
C_2137,Corrosion,119,65,Beam,splash,120,False,17
C_2138,Corrosion,119,70,Beam,splash,120,False,17
C_2139,Corrosion,119,75,Beam,splash,120,False,17
C_2140,Corrosion,119,80,Beam,splash,120,False,17
C_2141,Corrosion,119,85,Beam,splash,120,False,17
C_2142,Corrosion,119,90,Beam,splash,120,False,17
C_2143,Corrosion,120,5,Beam,splash,120,False,13
C_2144,Corrosion,120,10,Beam,splash,120,False,13
C_2145,Corrosion,120,15,Beam,splash,120,False,13
C_2146,Corrosion,120,20,Beam,splash,120,False,13
C_2147,Corrosion,120,25,Beam,splash,120,False,14
C_2148,Corrosion,120,30,Beam,splash,120,False,13
C_2149,Corrosion,120,35,Beam,splash,120,False,14
C_2150,Corrosion,120,40,Beam,splash,120,False,14
C_2151,Corrosion,120,45,Beam,splash,120,False,14
C_2152,Corrosion,120,50,Beam,splash,120,False,14
C_2153,Corrosion,120,55,Beam,splash,120,False,14
C_2154,Corrosion,120,60,Beam,splash,120,False,14
C_2155,Corrosion,120,65,Beam,splash,120,False,15
C_2156,Corrosion,120,70,Beam,splash,120,False,18
C_2157,Corrosion,120,75,Beam,splash,120,False,17
C_2158,Corrosion,120,80,Beam,splash,120,False,23
C_2159,Corrosion,120,85,Beam,splash,120,False,17
C_2160,Corrosion,120,90,Beam,splash,120,False,17
